Formulation no,C_no.Prot,H_no.Prot,N_no.Prot,O_no.Prot,S_no.Prot,Aliphatic atom count.Prot,Aliphatic bond count.Prot,Aliphatic ring count.Prot,Aromatic atom count.Prot,Aromatic bond count.Prot,Aromatic ring count.Prot,Asymmetric atom count.Prot,Bond count.Prot,Carboaromatic ring count.Prot,Carbo ring count.Prot,Chain atom count.Prot,Chiral center count.Prot,Cyclomatic number.Prot,Balaban index.Prot,Dreiding energy.Prot,Fused aliphatic ring count.Prot,Fused aromatic ring count.Prot,Fused ring count.Prot,Heteroaliphatic ring count.Prot,Heteroaromatic ring count.Prot,Hetero ring count.Prot,Hyper wiener index.Prot,Largest ring size.Prot,Largest ring system size.Prot,Mass.Prot,Maximal projection area.Prot,Maximal projection radius.Prot,Length perpendicular to the max area.Prot,Minimal projection area.Prot,Minimal projection radius.Prot,Length perpendicular to the min area.Prot,Platt index.Prot,Randic index.Prot,Szeged index.Prot,Refractivity.Prot,Ring atom count.Prot,Ring bond count.Prot,Ring count.Prot,Ring count of atom.Prot,Ring system count.Prot,Rotatable bond count.Prot,Atom count.Prot,Aliphatic atom count.Prot,Aromatic atom count.Prot,Bond count.Prot,Aliphatic bond count.Prot,Aromatic bond count.Prot,Rotatable bond count.Prot,Ring count.Prot,Aliphatic ring count.Prot,Aromatic ring count.Prot,Hetero ring count.Prot,Heteroaliphatic ring count.Prot,Heteroaromatic ring count.Prot,Ring atom count.Prot,Ring bond count.Prot,Chain atom count.Prot,Chain bond count.Prot,Largest ring size.Prot,Atom count.Prot,Aliphatic atom count.Prot,Aromatic atom count.Prot,Bond count.Prot,Aliphatic bond count.Prot,Aromatic bond count.Prot,Rotatable bond count.Prot,Ring count.Prot,Aliphatic ring count.Prot,Aromatic ring count.Prot,Hetero ring count.Prot,Heteroaliphatic ring count.Prot,Heteroaromatic ring count.Prot,Ring atom count.Prot,Ring bond count.Prot,Chain atom count.Prot,Chain bond count.Prot,Largest ring size.Prot,van der Waals volume.Prot,pI.Prot,Quaternary_structure.Prot,PLGA_visc.Form_char,PLGA_Mw.Form_char,La_to_Gly.Form_char,PVA_conc_inner_phase.Form_char,PVA_conc_outer_phase.Form_char,PVA_Mw.Form_char,Inner_phase_volume.Form_char,Encaps_rate.Form_char,Block_polymer.Form_char,PLGA_conc.Form_char,PLGA_to_Placticizer.Form_char,Prod_method.Form_char,Atom count.Plasticizer,Aliphatic atom count.Plasticizer,Bond count.Plasticizer,Aliphatic bond count.Plasticizer,Rotatable bond count.Plasticizer,Ring count.Plasticizer,Aliphatic ring count.Plasticizer,Hetero ring count.Plasticizer,Heteroaliphatic ring count.Plasticizer,Ring atom count.Plasticizer,Ring bond count.Plasticizer,Chain atom count.Plasticizer,Chain bond count.Plasticizer,Smallest ring size.Plasticizer,Largest ring size.Plasticizer,Mass.Plasticizer,molecular.Plasticizer,a(xx).Plasticizer,a(yy).Plasticizer,a(zz).Plasticizer,a(yy).Plasticizer,ASA.Plasticizer,ASA+.Plasticizer,ASA-.Plasticizer,ASA_H.Plasticizer,ASA_P.Plasticizer,Polar surface area.Plasticizer,Asymmetric atom count.Plasticizer,Bond count.Plasticizer,Chiral center count.Plasticizer,Cyclomatic number.Plasticizer,Dreiding energy.Plasticizer,Fragment count.Plasticizer,Harary index.Plasticizer,Hyper wiener index.Plasticizer,Maximal projection area.Plasticizer,Maximal projection radius.Plasticizer,Minimal projection area.Plasticizer,Minimal projection radius.Plasticizer,Van der Waals surface area (3D).Plasticizer,Platt index.Plasticizer,Randic index.Plasticizer,Szeged index.Plasticizer,Wiener index.Plasticizer,Wiener polarity.Plasticizer,Stereoisomer count.Plasticizer,count.Plasticizer,Markush library size.Plasticizer,pH_0_logd.Plasticizer,pH_1_logd.Plasticizer,pH_2_logd.Plasticizer,pH_3_logd.Plasticizer,pH_4_logd.Plasticizer,pH_5_logd.Plasticizer,pH_6_logd.Plasticizer,pH_7_logd.Plasticizer,pH_8_logd.Plasticizer,pH_9_logd.Plasticizer,pH_10_logd.Plasticizer,pH_11_logd.Plasticizer,pH_12_logd.Plasticizer,pH_13_logd.Plasticizer,pH_14_logd.Plasticizer,logP.Plasticizer,bpKa1.Plasticizer,bpKa2.Plasticizer,acceptorcount.Plasticizer,donorcount.Plasticizer,pH_0_msacc.Plasticizer,pH_1_msacc.Plasticizer,pH_2_msacc.Plasticizer,pH_3_msacc.Plasticizer,pH_4_msacc.Plasticizer,pH_5_msacc.Plasticizer,pH_6_msacc.Plasticizer,pH_7_msacc.Plasticizer,pH_8_msacc.Plasticizer,pH_9_msacc.Plasticizer,pH_10_msacc.Plasticizer,pH_11_msacc.Plasticizer,pH_12_msacc.Plasticizer,pH_13_msacc.Plasticizer,pH_14_msacc.Plasticizer,pH_0_msdon.Plasticizer,pH_1_msdon.Plasticizer,pH_2_msdon.Plasticizer,pH_3_msdon.Plasticizer,pH_4_msdon.Plasticizer,pH_5_msdon.Plasticizer,pH_6_msdon.Plasticizer,pH_7_msdon.Plasticizer,pH_8_msdon.Plasticizer,pH_9_msdon.Plasticizer,pH_10_msdon.Plasticizer,pH_11_msdon.Plasticizer,pH_12_msdon.Plasticizer,pH_13_msdon.Plasticizer,pH_14_msdon.Plasticizer,Atom count.Emuls,Aliphatic atom count.Emuls,Aromatic atom count.Emuls,Bond count.Emuls,Aliphatic bond count.Emuls,Aromatic bond count.Emuls,Rotatable bond count.Emuls,Ring count.Emuls,Aliphatic ring count.Emuls,Hetero ring count.Emuls,Heteroaliphatic ring count.Emuls,Ring atom count.Emuls,Ring bond count.Emuls,Chain atom count.Emuls,Chain bond count.Emuls,Smallest ring size.Emuls,Largest ring size.Emuls,Mass.Emuls,molecular.Emuls,a(xx).Emuls,a(yy).Emuls,a(zz).Emuls,a(yy).Emuls,ASA.Emuls,ASA+.Emuls,ASA-.Emuls,ASA_H.Emuls,ASA_P.Emuls,Polar surface area.Emuls,Asymmetric atom count.Emuls,Bond count.Emuls,Chiral center count.Emuls,Cyclomatic number.Emuls,Dreiding energy.Emuls,Fragment count.Emuls,Harary index.Emuls,Hyper wiener index.Emuls,Maximal projection area.Emuls,Maximal projection radius.Emuls,Minimal projection area.Emuls,Minimal projection radius.Emuls,Van der Waals surface area (3D).Emuls,Platt index.Emuls,Randic index.Emuls,Szeged index.Emuls,Wiener index.Emuls,Wiener polarity.Emuls,Stereoisomer count.Emuls,count.Emuls,Markush library size.Emuls,pH_0_logd.Emuls,pH_1_logd.Emuls,pH_2_logd.Emuls,pH_3_logd.Emuls,pH_4_logd.Emuls,pH_5_logd.Emuls,pH_6_logd.Emuls,pH_7_logd.Emuls,pH_8_logd.Emuls,pH_9_logd.Emuls,pH_10_logd.Emuls,pH_11_logd.Emuls,pH_12_logd.Emuls,pH_13_logd.Emuls,pH_14_logd.Emuls,logP.Emuls,bpKa1.Emuls,bpKa2.Emuls,acceptorcount.Emuls,donorcount.Emuls,pH_0_msacc.Emuls,pH_1_msacc.Emuls,pH_2_msacc.Emuls,pH_3_msacc.Emuls,pH_4_msacc.Emuls,pH_5_msacc.Emuls,pH_6_msacc.Emuls,pH_7_msacc.Emuls,pH_8_msacc.Emuls,pH_9_msacc.Emuls,pH_10_msacc.Emuls,pH_11_msacc.Emuls,pH_12_msacc.Emuls,pH_13_msacc.Emuls,pH_14_msacc.Emuls,pH_0_msdon.Emuls,pH_1_msdon.Emuls,pH_2_msdon.Emuls,pH_3_msdon.Emuls,pH_4_msdon.Emuls,pH_5_msdon.Emuls,pH_6_msdon.Emuls,pH_7_msdon.Emuls,pH_8_msdon.Emuls,pH_9_msdon.Emuls,pH_10_msdon.Emuls,pH_11_msdon.Emuls,pH_12_msdon.Emuls,pH_13_msdon.Emuls,pH_14_msdon.Emuls,Mean_part_size
1,2935,4617,781,897,39,4267,4360,28,385,387,68,615,9364,49,49,4127,615,96,4685.77,1166699.675,0,4,4,28,19,47,-429981997,6,2,66446.293,4224.69,47.07,63.01,2989.68,37.805,89.41,12820,2192.24,2023526795,16750.63,525,527,96,0,94,2237,9269,4267,385,9364,4360,387,2237,96,28,68,47,28,19,525,527,4127,4220,6,9269,4267,385,9364,4360,387,2237,96,28,68,47,28,19,525,527,4127,4220,6,60273.695,5.3,2,0.63,46000,1,0,2,5000,3,45.14,1,13.33,0,1,0,0,0,0,0,0,0,0,0,0,0,0,0,0,0,0,0,0,0,0,0,0,0,0,0,0,0,0,0,0,0,0,0,0,0,0,0,0,0,0,0,0,0,0,0,0,0,0,0,0,0,0,0,0,0,0,0,0,0,0,0,0,0,0,0,0,0,0,0,0,0,0,0,0,0,0,0,0,0,0,0,0,0,0,0,0,0,0,0,0,0,0,0,0,0,0,0,0,0,0,0,0,0,0,0,0,0,0,0,0,0,0,0,0,0,0,0,0,0,0,0,0,0,0,0,0,0,0,0,0,0,0,0,0,0,0,0,0,0,0,0,0,0,0,0,0,0,0,0,0,0,0,0,0,0,0,0,0,0,0,0,0,0,0,0,0,0,0,0,0,0,0,0,0,0,0,0,0,0,0,0,0,0,0,0,0,0,0,0,0,0,0,0,0,0,0,0,0,55.93
2,2935,4617,781,897,39,4267,4360,28,385,387,68,615,9364,49,49,4127,615,96,4685.77,1166699.675,0,4,4,28,19,47,-429981997,6,2,66446.293,4224.69,47.07,63.01,2989.68,37.805,89.41,12820,2192.24,2023526795,16750.63,525,527,96,0,94,2237,9269,4267,385,9364,4360,387,2237,96,28,68,47,28,19,525,527,4127,4220,6,9269,4267,385,9364,4360,387,2237,96,28,68,47,28,19,525,527,4127,4220,6,60273.695,5.3,2,0.63,46000,1,0,2,5000,3,41.62,1,13.33,2,1,157,67,156,66,64,0,0,0,0,0,0,67,66,0,0,987.172,118.12,90.47,107.38,156.5,107.38,2349.7,2020.48,329.22,1974.29,375.41,234.29,0,156,0,0,135.07,1,253.89,864501,314.95,32.59,153.61,10.61,1757.82,574,66.47,50116,50116,64,1,1,1,-2.2,-2.2,-2.2,-2.2,-2.2,-2.2,-2.2,-2.2,-2.2,-2.2,-2.2,-2.2,-2.2,-2.2,-2.26,-2.2,-2.75,-2.75,23,2,23,23,23,23,23,23,23,23,23,23,23,23,23,23.02,23.14,2,2,2,2,2,2,2,2,2,2,2,2,2,1.98,1.86,0,0,0,0,0,0,0,0,0,0,0,0,0,0,0,0,0,0,0,0,0,0,0,0,0,0,0,0,0,0,0,0,0,0,0,0,0,0,0,0,0,0,0,0,0,0,0,0,0,0,0,0,0,0,0,0,0,0,0,0,0,0,0,0,0,0,0,0,0,0,0,0,0,0,0,0,0,0,0,0,0,0,0,0,0,0,0,0,0,0,0,0,0,0,0,0,0,0,0,0,52.73
3,2935,4617,781,897,39,4267,4360,28,385,387,68,615,9364,49,49,4127,615,96,4685.77,1166699.675,0,4,4,28,19,47,-429981997,6,2,66446.293,4224.69,47.07,63.01,2989.68,37.805,89.41,12820,2192.24,2023526795,16750.63,525,527,96,0,94,2237,9269,4267,385,9364,4360,387,2237,96,28,68,47,28,19,525,527,4127,4220,6,9269,4267,385,9364,4360,387,2237,96,28,68,47,28,19,525,527,4127,4220,6,60273.695,5.3,2,0.63,46000,1,0,2,5000,3,38.82,1,13.33,1,1,157,67,156,66,64,0,0,0,0,0,0,67,66,0,0,987.172,118.12,90.47,107.38,156.5,107.38,2349.7,2020.48,329.22,1974.29,375.41,234.29,0,156,0,0,135.07,1,253.89,864501,314.95,32.59,153.61,10.61,1757.82,574,66.47,50116,50116,64,1,1,1,-2.2,-2.2,-2.2,-2.2,-2.2,-2.2,-2.2,-2.2,-2.2,-2.2,-2.2,-2.2,-2.2,-2.2,-2.26,-2.2,-2.75,-2.75,23,2,23,23,23,23,23,23,23,23,23,23,23,23,23,23.02,23.14,2,2,2,2,2,2,2,2,2,2,2,2,2,1.98,1.86,0,0,0,0,0,0,0,0,0,0,0,0,0,0,0,0,0,0,0,0,0,0,0,0,0,0,0,0,0,0,0,0,0,0,0,0,0,0,0,0,0,0,0,0,0,0,0,0,0,0,0,0,0,0,0,0,0,0,0,0,0,0,0,0,0,0,0,0,0,0,0,0,0,0,0,0,0,0,0,0,0,0,0,0,0,0,0,0,0,0,0,0,0,0,0,0,0,0,0,0,53.62
4,2935,4617,781,897,39,4267,4360,28,385,387,68,615,9364,49,49,4127,615,96,4685.77,1166699.675,0,4,4,28,19,47,-429981997,6,2,66446.293,4224.69,47.07,63.01,2989.68,37.805,89.41,12820,2192.24,2023526795,16750.63,525,527,96,0,94,2237,9269,4267,385,9364,4360,387,2237,96,28,68,47,28,19,525,527,4127,4220,6,9269,4267,385,9364,4360,387,2237,96,28,68,47,28,19,525,527,4127,4220,6,60273.695,5.3,2,0.63,46000,1,0,2,5000,3,46.91,1,13.33,10,1,101,39,100,38,32,0,0,0,0,0,0,39,38,0,0,554.842,70.75,71.82,83.17,57.27,83.17,1271.8,928.88,342.93,1178.08,93.72,78.9,0,100,0,0,105.04,1,141.95,48770,189.76,13.94,120.04,11.22,1084.14,384,42.38,7096,7096,41,1,27,1,10.92,10.92,10.92,10.92,10.92,10.92,10.92,10.92,10.92,10.92,10.92,10.92,10.92,10.92,10.92,10.92,-6.57,-7.04,3,0,6,6,6,6,6,6,6,6,6,6,6,6,6,6,6,0,0,0,0,0,0,0,0,0,0,0,0,0,0,0,0,0,0,0,0,0,0,0,0,0,0,0,0,0,0,0,0,0,0,0,0,0,0,0,0,0,0,0,0,0,0,0,0,0,0,0,0,0,0,0,0,0,0,0,0,0,0,0,0,0,0,0,0,0,0,0,0,0,0,0,0,0,0,0,0,0,0,0,0,0,0,0,0,0,0,0,0,0,0,0,0,0,0,0,0,0,0,0,0,0,0,0,0,0,0,0,0,0,0,0,58.22
5,2935,4617,781,897,39,4267,4360,28,385,387,68,615,9364,49,49,4127,615,96,4685.77,1166699.675,0,4,4,28,19,47,-429981997,6,2,66446.293,4224.69,47.07,63.01,2989.68,37.805,89.41,12820,2192.24,2023526795,16750.63,525,527,96,0,94,2237,9269,4267,385,9364,4360,387,2237,96,28,68,47,28,19,525,527,4127,4220,6,9269,4267,385,9364,4360,387,2237,96,28,68,47,28,19,525,527,4127,4220,6,60273.695,5.3,2,0.63,46000,1,0,2,5000,3,30.98,1,13.33,2,1,101,39,100,38,32,0,0,0,0,0,0,39,38,0,0,554.842,70.75,71.82,83.17,57.27,83.17,1271.8,928.88,342.93,1178.08,93.72,78.9,0,100,0,0,105.04,1,141.95,48770,189.76,13.94,120.04,11.22,1084.14,384,42.38,7096,7096,41,1,27,1,10.92,10.92,10.92,10.92,10.92,10.92,10.92,10.92,10.92,10.92,10.92,10.92,10.92,10.92,10.92,10.92,-6.57,-7.04,3,0,6,6,6,6,6,6,6,6,6,6,6,6,6,6,6,0,0,0,0,0,0,0,0,0,0,0,0,0,0,0,0,0,0,0,0,0,0,0,0,0,0,0,0,0,0,0,0,0,0,0,0,0,0,0,0,0,0,0,0,0,0,0,0,0,0,0,0,0,0,0,0,0,0,0,0,0,0,0,0,0,0,0,0,0,0,0,0,0,0,0,0,0,0,0,0,0,0,0,0,0,0,0,0,0,0,0,0,0,0,0,0,0,0,0,0,0,0,0,0,0,0,0,0,0,0,0,0,0,0,0,62
6,821,1361,233,237,5,1221,1241,10,75,78,14,173,2680,11,11,1171,173,24,2680,29156.8,0,6,6,10,3,13,899761443,6,2,18448.335,1709.32,30.84,37.71,1037.57,22.61,57.2,9642,1140.37,142919896,4913.63,125,128,24,0,21,615,2657,1221,75,2680,1241,78,615,24,10,14,13,10,3,125,128,1171,1191,6,2657,1221,75,2680,1241,78,615,24,10,14,13,10,3,125,128,1171,1191,6,16911.14,4.8,1,0.3,23000,3,0,2,40500,2.5,85.3,1,18,0,1,0,0,0,0,0,0,0,0,0,0,0,0,0,0,0,0,0,0,0,0,0,0,0,0,0,0,0,0,0,0,0,0,0,0,0,0,0,0,0,0,0,0,0,0,0,0,0,0,0,0,0,0,0,0,0,0,0,0,0,0,0,0,0,0,0,0,0,0,0,0,0,0,0,0,0,0,0,0,0,0,0,0,0,0,0,0,0,0,0,0,0,0,0,0,0,0,0,0,0,0,0,0,0,0,0,0,0,0,0,0,0,0,0,0,0,0,0,0,0,0,0,0,0,0,0,0,0,0,0,0,0,0,0,0,0,0,0,0,0,0,0,0,0,0,0,0,0,0,0,0,0,0,0,0,0,0,0,0,0,0,0,0,0,0,0,0,0,0,0,0,0,0,0,0,0,0,0,0,0,0,0,0,0,0,0,0,0,0,0,0,0,0,0,0,0,0,0,0,70
7,2935,4617,781,897,39,4267,4360,28,385,387,68,615,9364,49,49,4127,615,96,4685.77,1166699.675,0,4,4,28,19,47,-429981997,6,2,66446.293,4224.69,47.07,63.01,2989.68,37.805,89.41,12820,2192.24,2023526795,16750.63,525,527,96,0,94,2237,9269,4267,385,9364,4360,387,2237,96,28,68,47,28,19,525,527,4127,4220,6,9269,4267,385,9364,4360,387,2237,96,28,68,47,28,19,525,527,4127,4220,6,60273.695,5.3,2,0.45,38000,1,2.5,0.5,40000,1,86.76,1,6,0,2,0,0,0,0,0,0,0,0,0,0,0,0,0,0,0,0,0,0,0,0,0,0,0,0,0,0,0,0,0,0,0,0,0,0,0,0,0,0,0,0,0,0,0,0,0,0,0,0,0,0,0,0,0,0,0,0,0,0,0,0,0,0,0,0,0,0,0,0,0,0,0,0,0,0,0,0,0,0,0,0,0,0,0,0,0,0,0,0,0,0,0,0,0,0,0,0,0,0,0,0,0,0,0,0,0,0,0,0,0,0,0,0,0,0,0,0,0,0,0,0,0,0,0,0,0,0,0,0,0,0,0,0,0,0,0,0,0,0,0,0,0,0,0,0,0,0,0,0,0,0,0,0,0,0,0,0,0,0,0,0,0,0,0,0,0,0,0,0,0,0,0,0,0,0,0,0,0,0,0,0,0,0,0,0,0,0,0,0,0,0,0,0,0,0,0,0,0,0,24.5
8,2935,4617,781,897,39,4267,4360,28,385,387,68,615,9364,49,49,4127,615,96,4685.77,1166699.675,0,4,4,28,19,47,-429981997,6,2,66446.293,4224.69,47.07,63.01,2989.68,37.805,89.41,12820,2192.24,2023526795,16750.63,525,527,96,0,94,2237,9269,4267,385,9364,4360,387,2237,96,28,68,47,28,19,525,527,4127,4220,6,9269,4267,385,9364,4360,387,2237,96,28,68,47,28,19,525,527,4127,4220,6,60273.695,5.3,2,0.45,38000,1,2.5,0.5,40000,1,90.16,1,10,0,2,0,0,0,0,0,0,0,0,0,0,0,0,0,0,0,0,0,0,0,0,0,0,0,0,0,0,0,0,0,0,0,0,0,0,0,0,0,0,0,0,0,0,0,0,0,0,0,0,0,0,0,0,0,0,0,0,0,0,0,0,0,0,0,0,0,0,0,0,0,0,0,0,0,0,0,0,0,0,0,0,0,0,0,0,0,0,0,0,0,0,0,0,0,0,0,0,0,0,0,0,0,0,0,0,0,0,0,0,0,0,0,0,0,0,0,0,0,0,0,0,0,0,0,0,0,0,0,0,0,0,0,0,0,0,0,0,0,0,0,0,0,0,0,0,0,0,0,0,0,0,0,0,0,0,0,0,0,0,0,0,0,0,0,0,0,0,0,0,0,0,0,0,0,0,0,0,0,0,0,0,0,0,0,0,0,0,0,0,0,0,0,0,0,0,0,0,0,0,24.5
9,2935,4617,781,897,39,4267,4360,28,385,387,68,615,9364,49,49,4127,615,96,4685.77,1166699.675,0,4,4,28,19,47,-429981997,6,2,66446.293,4224.69,47.07,63.01,2989.68,37.805,89.41,12820,2192.24,2023526795,16750.63,525,527,96,0,94,2237,9269,4267,385,9364,4360,387,2237,96,28,68,47,28,19,525,527,4127,4220,6,9269,4267,385,9364,4360,387,2237,96,28,68,47,28,19,525,527,4127,4220,6,60273.695,5.3,2,0.45,38000,1,2.5,0.5,40000,1,94.86,1,20,0,2,0,0,0,0,0,0,0,0,0,0,0,0,0,0,0,0,0,0,0,0,0,0,0,0,0,0,0,0,0,0,0,0,0,0,0,0,0,0,0,0,0,0,0,0,0,0,0,0,0,0,0,0,0,0,0,0,0,0,0,0,0,0,0,0,0,0,0,0,0,0,0,0,0,0,0,0,0,0,0,0,0,0,0,0,0,0,0,0,0,0,0,0,0,0,0,0,0,0,0,0,0,0,0,0,0,0,0,0,0,0,0,0,0,0,0,0,0,0,0,0,0,0,0,0,0,0,0,0,0,0,0,0,0,0,0,0,0,0,0,0,0,0,0,0,0,0,0,0,0,0,0,0,0,0,0,0,0,0,0,0,0,0,0,0,0,0,0,0,0,0,0,0,0,0,0,0,0,0,0,0,0,0,0,0,0,0,0,0,0,0,0,0,0,0,0,0,0,0,24.5
10,270,408,73,82,7,384,393,3,48,50,9,51,851,7,7,369,51,12,851,11461.34,0,4,4,3,2,5,224033430,6,2,6213.023,702.85,21.11,29.7,486.62,15.17,41.42,2980,359.47,5369159,1624.68,63,65,12,0,10,200,840,384,48,851,393,50,200,12,3,9,5,3,2,63,65,369,378,6,840,384,48,851,393,50,200,12,3,9,5,3,2,63,65,369,378,6,5508.53,4.6,1,0.133,10000,1,1,0.3,25000,2,18,1,5,0,1,0,0,0,0,0,0,0,0,0,0,0,0,0,0,0,0,0,0,0,0,0,0,0,0,0,0,0,0,0,0,0,0,0,0,0,0,0,0,0,0,0,0,0,0,0,0,0,0,0,0,0,0,0,0,0,0,0,0,0,0,0,0,0,0,0,0,0,0,0,0,0,0,0,0,0,0,0,0,0,0,0,0,0,0,0,0,0,0,0,0,0,0,0,0,0,0,0,0,0,0,0,0,0,0,0,0,0,0,0,0,0,0,0,0,0,0,0,0,0,0,0,0,0,0,0,0,0,0,0,0,0,0,0,0,0,0,0,0,0,0,0,0,0,0,0,0,0,0,0,0,0,0,0,0,0,0,0,0,0,0,0,0,0,0,0,0,0,0,0,0,0,0,0,0,0,0,0,0,0,0,0,0,0,0,0,0,0,0,0,0,0,0,0,0,0,0,0,0,6.75
11,2935,4617,781,897,39,4267,4360,28,385,387,68,615,9364,49,49,4127,615,96,4685.77,1166699.675,0,4,4,28,19,47,-429981997,6,2,66446.293,4224.69,47.07,63.01,2989.68,37.805,89.41,12820,2192.24,2023526795,16750.63,525,527,96,0,94,2237,9269,4267,385,9364,4360,387,2237,96,28,68,47,28,19,525,527,4127,4220,6,9269,4267,385,9364,4360,387,2237,96,28,68,47,28,19,525,527,4127,4220,6,60273.695,5.3,2,0.16,10000,1,1,0.3,50000,1,91.53,1,20,0,1,0,0,0,0,0,0,0,0,0,0,0,0,0,0,0,0,0,0,0,0,0,0,0,0,0,0,0,0,0,0,0,0,0,0,0,0,0,0,0,0,0,0,0,0,0,0,0,0,0,0,0,0,0,0,0,0,0,0,0,0,0,0,0,0,0,0,0,0,0,0,0,0,0,0,0,0,0,0,0,0,0,0,0,0,0,0,0,0,0,0,0,0,0,0,0,0,0,0,0,0,0,0,0,0,0,0,0,0,0,0,0,0,0,0,0,0,0,0,0,0,0,0,0,0,0,0,0,0,0,0,0,0,0,0,0,0,0,0,0,0,0,0,0,0,0,0,0,0,0,0,0,0,0,0,0,0,0,0,0,0,0,0,0,0,0,0,0,0,0,0,0,0,0,0,0,0,0,0,0,0,0,0,0,0,0,0,0,0,0,0,0,0,0,0,0,0,0,0,18
12,607,948,192,183,10,897,911,2,95,101,19,129,1960,12,12,887,129,21,1960,8261.69,0,12,12,2,7,9,-70193260,6,2,14183.849,1200.33,26.35,33.87,824.52,18.31,53,2736,467.35,65066222,3630.34,105,111,21,0,15,467,1940,897,95,1960,911,101,467,21,2,19,9,2,7,105,111,887,901,6,1940,897,95,1960,911,101,467,21,2,19,9,2,7,105,111,887,901,6,12745.85,11.35,1,0.16,10000,1,1,0.3,50000,1,93.5,1,20,0,1,0,0,0,0,0,0,0,0,0,0,0,0,0,0,0,0,0,0,0,0,0,0,0,0,0,0,0,0,0,0,0,0,0,0,0,0,0,0,0,0,0,0,0,0,0,0,0,0,0,0,0,0,0,0,0,0,0,0,0,0,0,0,0,0,0,0,0,0,0,0,0,0,0,0,0,0,0,0,0,0,0,0,0,0,0,0,0,0,0,0,0,0,0,0,0,0,0,0,0,0,0,0,0,0,0,0,0,0,0,0,0,0,0,0,0,0,0,0,0,0,0,0,0,0,0,0,0,0,0,0,0,0,0,0,0,0,0,0,0,0,0,0,0,0,0,0,0,0,0,0,0,0,0,0,0,0,0,0,0,0,0,0,0,0,0,0,0,0,0,0,0,0,0,0,0,0,0,0,0,0,0,0,0,0,0,0,0,0,0,0,0,0,0,0,0,0,0,0,16
13,2935,4617,781,897,39,4267,4360,28,385,387,68,615,9364,49,49,4127,615,96,4685.77,1166699.675,0,4,4,28,19,47,-429981997,6,2,66446.293,4224.69,47.07,63.01,2989.68,37.805,89.41,12820,2192.24,2023526795,16750.63,525,527,96,0,94,2237,9269,4267,385,9364,4360,387,2237,96,28,68,47,28,19,525,527,4127,4220,6,9269,4267,385,9364,4360,387,2237,96,28,68,47,28,19,525,527,4127,4220,6,60273.695,5.3,2,0.4,34000,1,1,0.3,50000,1,91.09,1,20,0,1,0,0,0,0,0,0,0,0,0,0,0,0,0,0,0,0,0,0,0,0,0,0,0,0,0,0,0,0,0,0,0,0,0,0,0,0,0,0,0,0,0,0,0,0,0,0,0,0,0,0,0,0,0,0,0,0,0,0,0,0,0,0,0,0,0,0,0,0,0,0,0,0,0,0,0,0,0,0,0,0,0,0,0,0,0,0,0,0,0,0,0,0,0,0,0,0,0,0,0,0,0,0,0,0,0,0,0,0,0,0,0,0,0,0,0,0,0,0,0,0,0,0,0,0,0,0,0,0,0,0,0,0,0,0,0,0,0,0,0,0,0,0,0,0,0,0,0,0,0,0,0,0,0,0,0,0,0,0,0,0,0,0,0,0,0,0,0,0,0,0,0,0,0,0,0,0,0,0,0,0,0,0,0,0,0,0,0,0,0,0,0,0,0,0,0,0,0,0,46
14,607,948,192,183,10,897,911,2,95,101,19,129,1960,12,12,887,129,21,1960,8261.69,0,12,12,2,7,9,-70193260,6,2,14183.849,1200.33,26.35,33.87,824.52,18.31,53,2736,467.35,65066222,3630.34,105,111,21,0,15,467,1940,897,95,1960,911,101,467,21,2,19,9,2,7,105,111,887,901,6,1940,897,95,1960,911,101,467,21,2,19,9,2,7,105,111,887,901,6,12745.85,11.35,1,0.4,34000,1,1,0.3,50000,1,60.39,1,20,0,1,0,0,0,0,0,0,0,0,0,0,0,0,0,0,0,0,0,0,0,0,0,0,0,0,0,0,0,0,0,0,0,0,0,0,0,0,0,0,0,0,0,0,0,0,0,0,0,0,0,0,0,0,0,0,0,0,0,0,0,0,0,0,0,0,0,0,0,0,0,0,0,0,0,0,0,0,0,0,0,0,0,0,0,0,0,0,0,0,0,0,0,0,0,0,0,0,0,0,0,0,0,0,0,0,0,0,0,0,0,0,0,0,0,0,0,0,0,0,0,0,0,0,0,0,0,0,0,0,0,0,0,0,0,0,0,0,0,0,0,0,0,0,0,0,0,0,0,0,0,0,0,0,0,0,0,0,0,0,0,0,0,0,0,0,0,0,0,0,0,0,0,0,0,0,0,0,0,0,0,0,0,0,0,0,0,0,0,0,0,0,0,0,0,0,0,0,0,0,48
15,2935,4617,781,897,39,4267,4360,28,385,387,68,615,9364,49,49,4127,615,96,4685.77,1166699.675,0,4,4,28,19,47,-429981997,6,2,66446.293,4224.69,47.07,63.01,2989.68,37.805,89.41,12820,2192.24,2023526795,16750.63,525,527,96,0,94,2237,9269,4267,385,9364,4360,387,2237,96,28,68,47,28,19,525,527,4127,4220,6,9269,4267,385,9364,4360,387,2237,96,28,68,47,28,19,525,527,4127,4220,6,60273.695,5.3,2,0.16,10000,1,1,0.3,50000,1,68.24,1,20,100,1,1393,589,1392,588,559,0,0,0,0,0,0,589,588,0,0,8634.562,1039.94,923.43,1001.47,1194.93,1001.47,19104.32,16362.96,2741.36,16698.16,2406.16,1757.24,27,1392,27,0,1114.06,1,3649.95,83667188,2442.58,213.07,1813.62,143.22,15455.73,5188,588.14,31756354,31756354,613,1,1,1,1.3,1.3,1.3,1.3,1.3,1.3,1.3,1.3,1.3,1.3,1.3,1.3,1.3,1.29,1.24,1.3,-2.75,-2.75,188,2,188,188,188,188,188,188,188,188,188,188,188,188,188,188.02,188.14,2,2,2,2,2,2,2,2,2,2,2,2,2,1.98,1.86,0,0,0,0,0,0,0,0,0,0,0,0,0,0,0,0,0,0,0,0,0,0,0,0,0,0,0,0,0,0,0,0,0,0,0,0,0,0,0,0,0,0,0,0,0,0,0,0,0,0,0,0,0,0,0,0,0,0,0,0,0,0,0,0,0,0,0,0,0,0,0,0,0,0,0,0,0,0,0,0,0,0,0,0,0,0,0,0,0,0,0,0,0,0,0,0,0,0,0,0,20
16,607,948,192,183,10,897,911,2,95,101,19,129,1960,12,12,887,129,21,1960,8261.69,0,12,12,2,7,9,-70193260,6,2,14183.849,1200.33,26.35,33.87,824.52,18.31,53,2736,467.35,65066222,3630.34,105,111,21,0,15,467,1940,897,95,1960,911,101,467,21,2,19,9,2,7,105,111,887,901,6,1940,897,95,1960,911,101,467,21,2,19,9,2,7,105,111,887,901,6,12745.85,11.35,1,0.16,10000,1,1,0.3,50000,1,79.15,1,20,100,1,1393,589,1392,588,559,0,0,0,0,0,0,589,588,0,0,8634.562,1039.94,923.43,1001.47,1194.93,1001.47,19104.32,16362.96,2741.36,16698.16,2406.16,1757.24,27,1392,27,0,1114.06,1,3649.95,83667188,2442.58,213.07,1813.62,143.22,15455.73,5188,588.14,31756354,31756354,613,1,1,1,1.3,1.3,1.3,1.3,1.3,1.3,1.3,1.3,1.3,1.3,1.3,1.3,1.3,1.29,1.24,1.3,-2.75,-2.75,188,2,188,188,188,188,188,188,188,188,188,188,188,188,188,188.02,188.14,2,2,2,2,2,2,2,2,2,2,2,2,2,1.98,1.86,0,0,0,0,0,0,0,0,0,0,0,0,0,0,0,0,0,0,0,0,0,0,0,0,0,0,0,0,0,0,0,0,0,0,0,0,0,0,0,0,0,0,0,0,0,0,0,0,0,0,0,0,0,0,0,0,0,0,0,0,0,0,0,0,0,0,0,0,0,0,0,0,0,0,0,0,0,0,0,0,0,0,0,0,0,0,0,0,0,0,0,0,0,0,0,0,0,0,0,0,20
17,2935,4617,781,897,39,4267,4360,28,385,387,68,615,9364,49,49,4127,615,96,4685.77,1166699.675,0,4,4,28,19,47,-429981997,6,2,66446.293,4224.69,47.07,63.01,2989.68,37.805,89.41,12820,2192.24,2023526795,16750.63,525,527,96,0,94,2237,9269,4267,385,9364,4360,387,2237,96,28,68,47,28,19,525,527,4127,4220,6,9269,4267,385,9364,4360,387,2237,96,28,68,47,28,19,525,527,4127,4220,6,60273.695,5.3,2,0.4,34000,1,1,0.3,50000,1,59.06,1,20,100,1,1393,589,1392,588,559,0,0,0,0,0,0,589,588,0,0,8634.562,1039.94,923.43,1001.47,1194.93,1001.47,19104.32,16362.96,2741.36,16698.16,2406.16,1757.24,27,1392,27,0,1114.06,1,3649.95,83667188,2442.58,213.07,1813.62,143.22,15455.73,5188,588.14,31756354,31756354,613,1,1,1,1.3,1.3,1.3,1.3,1.3,1.3,1.3,1.3,1.3,1.3,1.3,1.3,1.3,1.29,1.24,1.3,-2.75,-2.75,188,2,188,188,188,188,188,188,188,188,188,188,188,188,188,188.02,188.14,2,2,2,2,2,2,2,2,2,2,2,2,2,1.98,1.86,0,0,0,0,0,0,0,0,0,0,0,0,0,0,0,0,0,0,0,0,0,0,0,0,0,0,0,0,0,0,0,0,0,0,0,0,0,0,0,0,0,0,0,0,0,0,0,0,0,0,0,0,0,0,0,0,0,0,0,0,0,0,0,0,0,0,0,0,0,0,0,0,0,0,0,0,0,0,0,0,0,0,0,0,0,0,0,0,0,0,0,0,0,0,0,0,0,0,0,0,45
18,607,948,192,183,10,897,911,2,95,101,19,129,1960,12,12,887,129,21,1960,8261.69,0,12,12,2,7,9,-70193260,6,2,14183.849,1200.33,26.35,33.87,824.52,18.31,53,2736,467.35,65066222,3630.34,105,111,21,0,15,467,1940,897,95,1960,911,101,467,21,2,19,9,2,7,105,111,887,901,6,1940,897,95,1960,911,101,467,21,2,19,9,2,7,105,111,887,901,6,12745.85,11.35,1,0.4,34000,1,1,0.3,50000,1,55.68,1,20,100,1,1393,589,1392,588,559,0,0,0,0,0,0,589,588,0,0,8634.562,1039.94,923.43,1001.47,1194.93,1001.47,19104.32,16362.96,2741.36,16698.16,2406.16,1757.24,27,1392,27,0,1114.06,1,3649.95,83667188,2442.58,213.07,1813.62,143.22,15455.73,5188,588.14,31756354,31756354,613,1,1,1,1.3,1.3,1.3,1.3,1.3,1.3,1.3,1.3,1.3,1.3,1.3,1.3,1.3,1.29,1.24,1.3,-2.75,-2.75,188,2,188,188,188,188,188,188,188,188,188,188,188,188,188,188.02,188.14,2,2,2,2,2,2,2,2,2,2,2,2,2,1.98,1.86,0,0,0,0,0,0,0,0,0,0,0,0,0,0,0,0,0,0,0,0,0,0,0,0,0,0,0,0,0,0,0,0,0,0,0,0,0,0,0,0,0,0,0,0,0,0,0,0,0,0,0,0,0,0,0,0,0,0,0,0,0,0,0,0,0,0,0,0,0,0,0,0,0,0,0,0,0,0,0,0,0,0,0,0,0,0,0,0,0,0,0,0,0,0,0,0,0,0,0,0,43
19,2935,4617,781,897,39,4267,4360,28,385,387,68,615,9364,49,49,4127,615,96,4685.77,1166699.675,0,4,4,28,19,47,-429981997,6,2,66446.293,4224.69,47.07,63.01,2989.68,37.805,89.41,12820,2192.24,2023526795,16750.63,525,527,96,0,94,2237,9269,4267,385,9364,4360,387,2237,96,28,68,47,28,19,525,527,4127,4220,6,9269,4267,385,9364,4360,387,2237,96,28,68,47,28,19,525,527,4127,4220,6,60273.695,5.3,2,0.16,10000,1,1,0.3,50000,1,74.94,1,20,100,1,641,259,640,258,202,0,0,0,0,0,0,259,258,0,0,3771.025,433.03,398.13,419.99,480.96,419.99,6375.26,5236.7,1138.57,5838.84,536.42,658.87,54,640,54,0,594.41,1,1552.23,110217303,776.15,28,481.93,24.42,6906.03,2418,270,2213852,2213852,310,1,1,1,18.14,18.14,18.14,18.14,18.14,18.14,18.14,18.14,18.14,18.14,18.14,18.14,18.14,18.13,18.08,18.14,-2.75,-2.75,69,2,69,69,69,69,69,69,69,69,69,69,69,69,69,69.02,69.14,2,2,2,2,2,2,2,2,2,2,2,2,2,1.98,1.86,0,0,0,0,0,0,0,0,0,0,0,0,0,0,0,0,0,0,0,0,0,0,0,0,0,0,0,0,0,0,0,0,0,0,0,0,0,0,0,0,0,0,0,0,0,0,0,0,0,0,0,0,0,0,0,0,0,0,0,0,0,0,0,0,0,0,0,0,0,0,0,0,0,0,0,0,0,0,0,0,0,0,0,0,0,0,0,0,0,0,0,0,0,0,0,0,0,0,0,0,18
20,607,948,192,183,10,897,911,2,95,101,19,129,1960,12,12,887,129,21,1960,8261.69,0,12,12,2,7,9,-70193260,6,2,14183.849,1200.33,26.35,33.87,824.52,18.31,53,2736,467.35,65066222,3630.34,105,111,21,0,15,467,1940,897,95,1960,911,101,467,21,2,19,9,2,7,105,111,887,901,6,1940,897,95,1960,911,101,467,21,2,19,9,2,7,105,111,887,901,6,12745.85,11.35,1,0.16,10000,1,1,0.3,50000,1,88.35,1,20,100,1,641,259,640,258,202,0,0,0,0,0,0,259,258,0,0,3771.025,433.03,398.13,419.99,480.96,419.99,6375.26,5236.7,1138.57,5838.84,536.42,658.87,54,640,54,0,594.41,1,1552.23,110217303,776.15,28,481.93,24.42,6906.03,2418,270,2213852,2213852,310,1,1,1,18.14,18.14,18.14,18.14,18.14,18.14,18.14,18.14,18.14,18.14,18.14,18.14,18.14,18.13,18.08,18.14,-2.75,-2.75,69,2,69,69,69,69,69,69,69,69,69,69,69,69,69,69.02,69.14,2,2,2,2,2,2,2,2,2,2,2,2,2,1.98,1.86,0,0,0,0,0,0,0,0,0,0,0,0,0,0,0,0,0,0,0,0,0,0,0,0,0,0,0,0,0,0,0,0,0,0,0,0,0,0,0,0,0,0,0,0,0,0,0,0,0,0,0,0,0,0,0,0,0,0,0,0,0,0,0,0,0,0,0,0,0,0,0,0,0,0,0,0,0,0,0,0,0,0,0,0,0,0,0,0,0,0,0,0,0,0,0,0,0,0,0,0,20
21,2935,4617,781,897,39,4267,4360,28,385,387,68,615,9364,49,49,4127,615,96,4685.77,1166699.675,0,4,4,28,19,47,-429981997,6,2,66446.293,4224.69,47.07,63.01,2989.68,37.805,89.41,12820,2192.24,2023526795,16750.63,525,527,96,0,94,2237,9269,4267,385,9364,4360,387,2237,96,28,68,47,28,19,525,527,4127,4220,6,9269,4267,385,9364,4360,387,2237,96,28,68,47,28,19,525,527,4127,4220,6,60273.695,5.3,2,0.4,34000,1,1,0.3,50000,1,65.86,1,20,100,1,641,259,640,258,202,0,0,0,0,0,0,259,258,0,0,3771.025,433.03,398.13,419.99,480.96,419.99,6375.26,5236.7,1138.57,5838.84,536.42,658.87,54,640,54,0,594.41,1,1552.23,110217303,776.15,28,481.93,24.42,6906.03,2418,270,2213852,2213852,310,1,1,1,18.14,18.14,18.14,18.14,18.14,18.14,18.14,18.14,18.14,18.14,18.14,18.14,18.14,18.13,18.08,18.14,-2.75,-2.75,69,2,69,69,69,69,69,69,69,69,69,69,69,69,69,69.02,69.14,2,2,2,2,2,2,2,2,2,2,2,2,2,1.98,1.86,0,0,0,0,0,0,0,0,0,0,0,0,0,0,0,0,0,0,0,0,0,0,0,0,0,0,0,0,0,0,0,0,0,0,0,0,0,0,0,0,0,0,0,0,0,0,0,0,0,0,0,0,0,0,0,0,0,0,0,0,0,0,0,0,0,0,0,0,0,0,0,0,0,0,0,0,0,0,0,0,0,0,0,0,0,0,0,0,0,0,0,0,0,0,0,0,0,0,0,0,44
22,607,948,192,183,10,897,911,2,95,101,19,129,1960,12,12,887,129,21,1960,8261.69,0,12,12,2,7,9,-70193260,6,2,14183.849,1200.33,26.35,33.87,824.52,18.31,53,2736,467.35,65066222,3630.34,105,111,21,0,15,467,1940,897,95,1960,911,101,467,21,2,19,9,2,7,105,111,887,901,6,1940,897,95,1960,911,101,467,21,2,19,9,2,7,105,111,887,901,6,12745.85,11.35,1,0.4,34000,1,1,0.3,50000,1,56.51,1,20,100,1,641,259,640,258,202,0,0,0,0,0,0,259,258,0,0,3771.025,433.03,398.13,419.99,480.96,419.99,6375.26,5236.7,1138.57,5838.84,536.42,658.87,54,640,54,0,594.41,1,1552.23,110217303,776.15,28,481.93,24.42,6906.03,2418,270,2213852,2213852,310,1,1,1,18.14,18.14,18.14,18.14,18.14,18.14,18.14,18.14,18.14,18.14,18.14,18.14,18.14,18.13,18.08,18.14,-2.75,-2.75,69,2,69,69,69,69,69,69,69,69,69,69,69,69,69,69.02,69.14,2,2,2,2,2,2,2,2,2,2,2,2,2,1.98,1.86,0,0,0,0,0,0,0,0,0,0,0,0,0,0,0,0,0,0,0,0,0,0,0,0,0,0,0,0,0,0,0,0,0,0,0,0,0,0,0,0,0,0,0,0,0,0,0,0,0,0,0,0,0,0,0,0,0,0,0,0,0,0,0,0,0,0,0,0,0,0,0,0,0,0,0,0,0,0,0,0,0,0,0,0,0,0,0,0,0,0,0,0,0,0,0,0,0,0,0,0,45
23,2935,4617,781,897,39,4267,4360,28,385,387,68,615,9364,49,49,4127,615,96,4685.77,1166699.675,0,4,4,28,19,47,-429981997,6,2,66446.293,4224.69,47.07,63.01,2989.68,37.805,89.41,12820,2192.24,2023526795,16750.63,525,527,96,0,94,2237,9269,4267,385,9364,4360,387,2237,96,28,68,47,28,19,525,527,4127,4220,6,9269,4267,385,9364,4360,387,2237,96,28,68,47,28,19,525,527,4127,4220,6,60273.695,5.3,2,0.4,34000,1,0,0,0,5,100,1,4,0,3,0,0,0,0,0,0,0,0,0,0,0,0,0,0,0,0,0,0,0,0,0,0,0,0,0,0,0,0,0,0,0,0,0,0,0,0,0,0,0,0,0,0,0,0,0,0,0,0,0,0,0,0,0,0,0,0,0,0,0,0,0,0,0,0,0,0,0,0,0,0,0,0,0,0,0,0,0,0,0,0,0,0,0,0,0,0,0,0,0,0,0,0,0,0,0,0,0,0,0,134.84,53.48,0,133.84,52.48,0,40.18,0,0,0,0,0,0,53.48,52.48,0,0,777.207,95.217,94.468,85.242,105.952,101.988,1488.913,1114.574,374.339,1367.255,121.659,108.36,2,133.84,2,0,209.083,1,214.832,180329.07,227.69,18.584,136.416,8.231,1410.004,502.16,56.51,18640.74,18640.74,56.48,15.76,45,1,8.683,9.302,9.93,10.123,10.152,10.153,10.153,10.153,10.153,10.153,10.153,10.153,10.153,10.153,10.153,8.463,-6.74,-7.35,4,1,7.01,7.12,7.58,7.93,7.99,8,8,8,8,8,8,8,8,8,8,0.99,0.88,0.42,0.07,0.01,0,0,0,0,0,0,0,0,0,31
24,2935,4617,781,897,39,4267,4360,28,385,387,68,615,9364,49,49,4127,615,96,4685.77,1166699.675,0,4,4,28,19,47,-429981997,6,2,66446.293,4224.69,47.07,63.01,2989.68,37.805,89.41,12820,2192.24,2023526795,16750.63,525,527,96,0,94,2237,9269,4267,385,9364,4360,387,2237,96,28,68,47,28,19,525,527,4127,4220,6,9269,4267,385,9364,4360,387,2237,96,28,68,47,28,19,525,527,4127,4220,6,60273.695,5.3,2,0.4,34000,1,0,0,0,5,100,1,4,100,3,1393,589,1392,588,559,0,0,0,0,0,0,589,588,0,0,8634.562,1039.94,923.43,1001.47,1194.93,1001.47,19104.32,16362.96,2741.36,16698.16,2406.16,1757.24,27,1392,27,0,1114.06,1,3649.95,83667188,2442.58,213.07,1813.62,143.22,15455.73,5188,588.14,31756354,31756354,613,1,1,1,1.3,1.3,1.3,1.3,1.3,1.3,1.3,1.3,1.3,1.3,1.3,1.3,1.3,1.29,1.24,1.3,-2.75,-2.75,188,2,188,188,188,188,188,188,188,188,188,188,188,188,188,188.02,188.14,2,2,2,2,2,2,2,2,2,2,2,2,2,1.98,1.86,0,134.84,53.48,0,133.84,52.48,0,40.18,0,0,0,0,0,0,53.48,52.48,0,0,777.207,95.217,94.468,85.242,105.952,101.988,1488.913,1114.574,374.339,1367.255,121.659,108.36,2,133.84,2,0,209.083,1,214.832,180329.07,227.69,18.584,136.416,8.231,1410.004,502.16,56.51,18640.74,18640.74,56.48,15.76,45,1,8.683,9.302,9.93,10.123,10.152,10.153,10.153,10.153,10.153,10.153,10.153,10.153,10.153,10.153,10.153,8.463,-6.74,-7.35,4,1,7.01,7.12,7.58,7.93,7.99,8,8,8,8,8,8,8,8,8,8,0.99,0.88,0.42,0.07,0.01,0,0,0,0,0,0,0,0,0,30
25,2935,4617,781,897,39,4267,4360,28,385,387,68,615,9364,49,49,4127,615,96,4685.77,1166699.675,0,4,4,28,19,47,-429981997,6,2,66446.293,4224.69,47.07,63.01,2989.68,37.805,89.41,12820,2192.24,2023526795,16750.63,525,527,96,0,94,2237,9269,4267,385,9364,4360,387,2237,96,28,68,47,28,19,525,527,4127,4220,6,9269,4267,385,9364,4360,387,2237,96,28,68,47,28,19,525,527,4127,4220,6,60273.695,5.3,2,0.4,34000,1,0,0,0,5,100,1,4,100,3,641,259,640,258,202,0,0,0,0,0,0,259,258,0,0,3771.025,433.03,398.13,419.99,480.96,419.99,6375.26,5236.7,1138.57,5838.84,536.42,658.87,54,640,54,0,594.41,1,1552.23,110217303,776.15,28,481.93,24.42,6906.03,2418,270,2213852,2213852,310,1,1,1,18.14,18.14,18.14,18.14,18.14,18.14,18.14,18.14,18.14,18.14,18.14,18.14,18.14,18.13,18.08,18.14,-2.75,-2.75,69,2,69,69,69,69,69,69,69,69,69,69,69,69,69,69.02,69.14,2,2,2,2,2,2,2,2,2,2,2,2,2,1.98,1.86,0,134.84,53.48,0,133.84,52.48,0,40.18,0,0,0,0,0,0,53.48,52.48,0,0,777.207,95.217,94.468,85.242,105.952,101.988,1488.913,1114.574,374.339,1367.255,121.659,108.36,2,133.84,2,0,209.083,1,214.832,180329.07,227.69,18.584,136.416,8.231,1410.004,502.16,56.51,18640.74,18640.74,56.48,15.76,45,1,8.683,9.302,9.93,10.123,10.152,10.153,10.153,10.153,10.153,10.153,10.153,10.153,10.153,10.153,10.153,8.463,-6.74,-7.35,4,1,7.01,7.12,7.58,7.93,7.99,8,8,8,8,8,8,8,8,8,8,0.99,0.88,0.42,0.07,0.01,0,0,0,0,0,0,0,0,0,30
26,2935,4617,781,897,39,4267,4360,28,385,387,68,615,9364,49,49,4127,615,96,4685.77,1166699.675,0,4,4,28,19,47,-429981997,6,2,66446.293,4224.69,47.07,63.01,2989.68,37.805,89.41,12820,2192.24,2023526795,16750.63,525,527,96,0,94,2237,9269,4267,385,9364,4360,387,2237,96,28,68,47,28,19,525,527,4127,4220,6,9269,4267,385,9364,4360,387,2237,96,28,68,47,28,19,525,527,4127,4220,6,60273.695,5.3,2,0.2,12000,1,0,0,0,20,18,1,2.236,10.4,4,535,229,534,228,226,0,0,0,0,0,0,229,228,0,0,3366.01,413.77,281.72,267.03,692.57,267.03,7668.04,6617.52,1050.52,6571.3,1096.74,732.71,0,534,0,0,469.89,1,1148,115584315,1144.8,137.63,241.67,27.43,5956.3,1978,226.15,2001460,2001460,226,1,1,1,-4.73,-4.73,-4.73,-4.73,-4.73,-4.73,-4.73,-4.73,-4.73,-4.73,-4.73,-4.73,-4.73,-4.74,-4.8,-4.73,-2.75,-2.75,77,2,77,77,77,77,77,77,77,77,77,77,77,77,77,77.02,77.14,2,2,2,2,2,2,2,2,2,2,2,2,2,1.98,1.86,0,0,0,0,0,0,0,0,0,0,0,0,0,0,0,0,0,0,0,0,0,0,0,0,0,0,0,0,0,0,0,0,0,0,0,0,0,0,0,0,0,0,0,0,0,0,0,0,0,0,0,0,0,0,0,0,0,0,0,0,0,0,0,0,0,0,0,0,0,0,0,0,0,0,0,0,0,0,0,0,0,0,0,0,0,0,0,0,0,0,0,0,0,0,0,0,0,0,0,0,3.8
27,2935,4617,781,897,39,4267,4360,28,385,387,68,615,9364,49,49,4127,615,96,4685.77,1166699.675,0,4,4,28,19,47,-429981997,6,2,66446.293,4224.69,47.07,63.01,2989.68,37.805,89.41,12820,2192.24,2023526795,16750.63,525,527,96,0,94,2237,9269,4267,385,9364,4360,387,2237,96,28,68,47,28,19,525,527,4127,4220,6,9269,4267,385,9364,4360,387,2237,96,28,68,47,28,19,525,527,4127,4220,6,60273.695,5.3,2,0.855,98000,3,0,0,0,20,47,1,0.602,2.8,4,535,229,534,228,226,0,0,0,0,0,0,229,228,0,0,3366.01,413.77,281.72,267.03,692.57,267.03,7668.04,6617.52,1050.52,6571.3,1096.74,732.71,0,534,0,0,469.89,1,1148,115584315,1144.8,137.63,241.67,27.43,5956.3,1978,226.15,2001460,2001460,226,1,1,1,-4.73,-4.73,-4.73,-4.73,-4.73,-4.73,-4.73,-4.73,-4.73,-4.73,-4.73,-4.73,-4.73,-4.74,-4.8,-4.73,-2.75,-2.75,77,2,77,77,77,77,77,77,77,77,77,77,77,77,77,77.02,77.14,2,2,2,2,2,2,2,2,2,2,2,2,2,1.98,1.86,0,0,0,0,0,0,0,0,0,0,0,0,0,0,0,0,0,0,0,0,0,0,0,0,0,0,0,0,0,0,0,0,0,0,0,0,0,0,0,0,0,0,0,0,0,0,0,0,0,0,0,0,0,0,0,0,0,0,0,0,0,0,0,0,0,0,0,0,0,0,0,0,0,0,0,0,0,0,0,0,0,0,0,0,0,0,0,0,0,0,0,0,0,0,0,0,0,0,0,0,23.8
28,2935,4617,781,897,39,4267,4360,28,385,387,68,615,9364,49,49,4127,615,96,4685.77,1166699.675,0,4,4,28,19,47,-429981997,6,2,66446.293,4224.69,47.07,63.01,2989.68,37.805,89.41,12820,2192.24,2023526795,16750.63,525,527,96,0,94,2237,9269,4267,385,9364,4360,387,2237,96,28,68,47,28,19,525,527,4127,4220,6,9269,4267,385,9364,4360,387,2237,96,28,68,47,28,19,525,527,4127,4220,6,60273.695,5.3,2,0.855,98000,3,0,0,0,20,23,1,2.236,10.4,4,535,229,534,228,226,0,0,0,0,0,0,229,228,0,0,3366.01,413.77,281.72,267.03,692.57,267.03,7668.04,6617.52,1050.52,6571.3,1096.74,732.71,0,534,0,0,469.89,1,1148,115584315,1144.8,137.63,241.67,27.43,5956.3,1978,226.15,2001460,2001460,226,1,1,1,-4.73,-4.73,-4.73,-4.73,-4.73,-4.73,-4.73,-4.73,-4.73,-4.73,-4.73,-4.73,-4.73,-4.74,-4.8,-4.73,-2.75,-2.75,77,2,77,77,77,77,77,77,77,77,77,77,77,77,77,77.02,77.14,2,2,2,2,2,2,2,2,2,2,2,2,2,1.98,1.86,0,0,0,0,0,0,0,0,0,0,0,0,0,0,0,0,0,0,0,0,0,0,0,0,0,0,0,0,0,0,0,0,0,0,0,0,0,0,0,0,0,0,0,0,0,0,0,0,0,0,0,0,0,0,0,0,0,0,0,0,0,0,0,0,0,0,0,0,0,0,0,0,0,0,0,0,0,0,0,0,0,0,0,0,0,0,0,0,0,0,0,0,0,0,0,0,0,0,0,0,1.3
29,993,1551,267,294,7,1413,1443,7,148,150,26,200,3144,22,22,1378,200,33,3144,28921.96,0,4,4,7,4,11,-550519458,6,2,22158.008,1864.7,34.67,49.56,1190.48,22.63,62.08,4302,735.36,235510264,5676.01,183,185,33,0,31,744,3112,1413,148,3144,1443,150,744,33,7,26,11,7,4,183,185,1378,1408,6,3112,1413,148,3144,1443,150,744,33,7,26,11,7,4,183,185,1378,1408,6,20201.15,5,1,0.38,31000,1,0,0,0,20,29,1,0.602,2.8,4,535,229,534,228,226,0,0,0,0,0,0,229,228,0,0,3366.01,413.77,281.72,267.03,692.57,267.03,7668.04,6617.52,1050.52,6571.3,1096.74,732.71,0,534,0,0,469.89,1,1148,115584315,1144.8,137.63,241.67,27.43,5956.3,1978,226.15,2001460,2001460,226,1,1,1,-4.73,-4.73,-4.73,-4.73,-4.73,-4.73,-4.73,-4.73,-4.73,-4.73,-4.73,-4.73,-4.73,-4.74,-4.8,-4.73,-2.75,-2.75,77,2,77,77,77,77,77,77,77,77,77,77,77,77,77,77.02,77.14,2,2,2,2,2,2,2,2,2,2,2,2,2,1.98,1.86,0,0,0,0,0,0,0,0,0,0,0,0,0,0,0,0,0,0,0,0,0,0,0,0,0,0,0,0,0,0,0,0,0,0,0,0,0,0,0,0,0,0,0,0,0,0,0,0,0,0,0,0,0,0,0,0,0,0,0,0,0,0,0,0,0,0,0,0,0,0,0,0,0,0,0,0,0,0,0,0,0,0,0,0,0,0,0,0,0,0,0,0,0,0,0,0,0,0,0,0,2.2
30,2935,4617,781,897,39,4267,4360,28,385,387,68,615,9364,49,49,4127,615,96,4685.77,1166699.675,0,4,4,28,19,47,-429981997,6,2,66446.293,4224.69,47.07,63.01,2989.68,37.805,89.41,12820,2192.24,2023526795,16750.63,525,527,96,0,94,2237,9269,4267,385,9364,4360,387,2237,96,28,68,47,28,19,525,527,4127,4220,6,9269,4267,385,9364,4360,387,2237,96,28,68,47,28,19,525,527,4127,4220,6,60273.695,5.3,2,0.72,50000,1,0,0.6,31000,3.5,78,2,12.14,0,4,0,0,0,0,0,0,0,0,0,0,0,0,0,0,0,0,0,0,0,0,0,0,0,0,0,0,0,0,0,0,0,0,0,0,0,0,0,0,0,0,0,0,0,0,0,0,0,0,0,0,0,0,0,0,0,0,0,0,0,0,0,0,0,0,0,0,0,0,0,0,0,0,0,0,0,0,0,0,0,0,0,0,0,0,0,0,0,0,0,0,0,0,0,0,0,0,0,0,0,0,0,0,0,0,0,0,0,0,0,0,0,0,0,0,0,0,0,0,0,0,0,0,0,0,0,0,0,0,0,0,0,0,0,0,0,0,0,0,0,0,0,0,0,0,0,0,0,0,0,0,0,0,0,0,0,0,0,0,0,0,0,0,0,0,0,0,0,0,0,0,0,0,0,0,0,0,0,0,0,0,0,0,0,0,0,0,0,0,0,0,0,0,0,0,0,0,0,0,120.49
31,2935,4617,781,897,39,4267,4360,28,385,387,68,615,9364,49,49,4127,615,96,4685.77,1166699.675,0,4,4,28,19,47,-429981997,6,2,66446.293,4224.69,47.07,63.01,2989.68,37.805,89.41,12820,2192.24,2023526795,16750.63,525,527,96,0,94,2237,9269,4267,385,9364,4360,387,2237,96,28,68,47,28,19,525,527,4127,4220,6,9269,4267,385,9364,4360,387,2237,96,28,68,47,28,19,525,527,4127,4220,6,60273.695,5.3,2,0.55,33000,1,0,0.6,31000,3.5,87,2,12.14,0,4,0,0,0,0,0,0,0,0,0,0,0,0,0,0,0,0,0,0,0,0,0,0,0,0,0,0,0,0,0,0,0,0,0,0,0,0,0,0,0,0,0,0,0,0,0,0,0,0,0,0,0,0,0,0,0,0,0,0,0,0,0,0,0,0,0,0,0,0,0,0,0,0,0,0,0,0,0,0,0,0,0,0,0,0,0,0,0,0,0,0,0,0,0,0,0,0,0,0,0,0,0,0,0,0,0,0,0,0,0,0,0,0,0,0,0,0,0,0,0,0,0,0,0,0,0,0,0,0,0,0,0,0,0,0,0,0,0,0,0,0,0,0,0,0,0,0,0,0,0,0,0,0,0,0,0,0,0,0,0,0,0,0,0,0,0,0,0,0,0,0,0,0,0,0,0,0,0,0,0,0,0,0,0,0,0,0,0,0,0,0,0,0,0,0,0,0,0,0,109.68
32,2935,4617,781,897,39,4267,4360,28,385,387,68,615,9364,49,49,4127,615,96,4685.77,1166699.675,0,4,4,28,19,47,-429981997,6,2,66446.293,4224.69,47.07,63.01,2989.68,37.805,89.41,12820,2192.24,2023526795,16750.63,525,527,96,0,94,2237,9269,4267,385,9364,4360,387,2237,96,28,68,47,28,19,525,527,4127,4220,6,9269,4267,385,9364,4360,387,2237,96,28,68,47,28,19,525,527,4127,4220,6,60273.695,5.3,2,0.72,60000,1,0,0.6,31000,3.5,90,3,12.14,0,4,0,0,0,0,0,0,0,0,0,0,0,0,0,0,0,0,0,0,0,0,0,0,0,0,0,0,0,0,0,0,0,0,0,0,0,0,0,0,0,0,0,0,0,0,0,0,0,0,0,0,0,0,0,0,0,0,0,0,0,0,0,0,0,0,0,0,0,0,0,0,0,0,0,0,0,0,0,0,0,0,0,0,0,0,0,0,0,0,0,0,0,0,0,0,0,0,0,0,0,0,0,0,0,0,0,0,0,0,0,0,0,0,0,0,0,0,0,0,0,0,0,0,0,0,0,0,0,0,0,0,0,0,0,0,0,0,0,0,0,0,0,0,0,0,0,0,0,0,0,0,0,0,0,0,0,0,0,0,0,0,0,0,0,0,0,0,0,0,0,0,0,0,0,0,0,0,0,0,0,0,0,0,0,0,0,0,0,0,0,0,0,0,0,0,0,0,0,0,128.99
33,2935,4617,781,897,39,4267,4360,28,385,387,68,615,9364,49,49,4127,615,96,4685.77,1166699.675,0,4,4,28,19,47,-429981997,6,2,66446.293,4224.69,47.07,63.01,2989.68,37.805,89.41,12820,2192.24,2023526795,16750.63,525,527,96,0,94,2237,9269,4267,385,9364,4360,387,2237,96,28,68,47,28,19,525,527,4127,4220,6,9269,4267,385,9364,4360,387,2237,96,28,68,47,28,19,525,527,4127,4220,6,60273.695,5.3,2,0.525,46000,1,0,0.6,31000,3.5,78,1,12.14,8.41,4,955,409,954,408,406,0,0,0,0,0,0,409,408,0,0,6009.163,730.24,672.69,655.39,862.66,655.39,13809.46,11953.9,1855.57,11907.64,1901.82,1286.51,0,954,0,0,763.85,1,2287.19,-975833618,1805.91,174.04,1216.33,39.46,10666.47,3538,403.58,11402920,11402920,406,1,1,1,-7.55,-7.55,-7.55,-7.55,-7.55,-7.55,-7.55,-7.55,-7.55,-7.55,-7.55,-7.55,-7.55,-7.56,-7.61,-7.55,-2.75,-2.75,137,2,137,137,137,137,137,137,137,137,137,137,137,137,137,137.02,137.14,2,2,2,2,2,2,2,2,2,2,2,2,2,1.98,1.86,0,0,0,0,0,0,0,0,0,0,0,0,0,0,0,0,0,0,0,0,0,0,0,0,0,0,0,0,0,0,0,0,0,0,0,0,0,0,0,0,0,0,0,0,0,0,0,0,0,0,0,0,0,0,0,0,0,0,0,0,0,0,0,0,0,0,0,0,0,0,0,0,0,0,0,0,0,0,0,0,0,0,0,0,0,0,0,0,0,0,0,0,0,0,0,0,0,0,0,0,78
34,2935,4617,781,897,39,4267,4360,28,385,387,68,615,9364,49,49,4127,615,96,4685.77,1166699.675,0,4,4,28,19,47,-429981997,6,2,66446.293,4224.69,47.07,63.01,2989.68,37.805,89.41,12820,2192.24,2023526795,16750.63,525,527,96,0,94,2237,9269,4267,385,9364,4360,387,2237,96,28,68,47,28,19,525,527,4127,4220,6,9269,4267,385,9364,4360,387,2237,96,28,68,47,28,19,525,527,4127,4220,6,60273.695,5.3,2,0.525,46000,1,0,0.6,31000,3.5,71,1,12.14,5.29,4,955,409,954,408,406,0,0,0,0,0,0,409,408,0,0,6009.163,730.24,672.69,655.39,862.66,655.39,13809.46,11953.9,1855.57,11907.64,1901.82,1286.51,0,954,0,0,763.85,1,2287.19,-975833618,1805.91,174.04,1216.33,39.46,10666.47,3538,403.58,11402920,11402920,406,1,1,1,-7.55,-7.55,-7.55,-7.55,-7.55,-7.55,-7.55,-7.55,-7.55,-7.55,-7.55,-7.55,-7.55,-7.56,-7.61,-7.55,-2.75,-2.75,137,2,137,137,137,137,137,137,137,137,137,137,137,137,137,137.02,137.14,2,2,2,2,2,2,2,2,2,2,2,2,2,1.98,1.86,0,0,0,0,0,0,0,0,0,0,0,0,0,0,0,0,0,0,0,0,0,0,0,0,0,0,0,0,0,0,0,0,0,0,0,0,0,0,0,0,0,0,0,0,0,0,0,0,0,0,0,0,0,0,0,0,0,0,0,0,0,0,0,0,0,0,0,0,0,0,0,0,0,0,0,0,0,0,0,0,0,0,0,0,0,0,0,0,0,0,0,0,0,0,0,0,0,0,0,0,70.78
35,2935,4617,781,897,39,4267,4360,28,385,387,68,615,9364,49,49,4127,615,96,4685.77,1166699.675,0,4,4,28,19,47,-429981997,6,2,66446.293,4224.69,47.07,63.01,2989.68,37.805,89.41,12820,2192.24,2023526795,16750.63,525,527,96,0,94,2237,9269,4267,385,9364,4360,387,2237,96,28,68,47,28,19,525,527,4127,4220,6,9269,4267,385,9364,4360,387,2237,96,28,68,47,28,19,525,527,4127,4220,6,60273.695,5.3,2,0.675,61500,1,0,0.6,31000,3.5,74,1,12.14,8.41,4,955,409,954,408,406,0,0,0,0,0,0,409,408,0,0,6009.163,730.24,672.69,655.39,862.66,655.39,13809.46,11953.9,1855.57,11907.64,1901.82,1286.51,0,954,0,0,763.85,1,2287.19,-975833618,1805.91,174.04,1216.33,39.46,10666.47,3538,403.58,11402920,11402920,406,1,1,1,-7.55,-7.55,-7.55,-7.55,-7.55,-7.55,-7.55,-7.55,-7.55,-7.55,-7.55,-7.55,-7.55,-7.56,-7.61,-7.55,-2.75,-2.75,137,2,137,137,137,137,137,137,137,137,137,137,137,137,137,137.02,137.14,2,2,2,2,2,2,2,2,2,2,2,2,2,1.98,1.86,0,0,0,0,0,0,0,0,0,0,0,0,0,0,0,0,0,0,0,0,0,0,0,0,0,0,0,0,0,0,0,0,0,0,0,0,0,0,0,0,0,0,0,0,0,0,0,0,0,0,0,0,0,0,0,0,0,0,0,0,0,0,0,0,0,0,0,0,0,0,0,0,0,0,0,0,0,0,0,0,0,0,0,0,0,0,0,0,0,0,0,0,0,0,0,0,0,0,0,0,102.29
36,2935,4617,781,897,39,4267,4360,28,385,387,68,615,9364,49,49,4127,615,96,4685.77,1166699.675,0,4,4,28,19,47,-429981997,6,2,66446.293,4224.69,47.07,63.01,2989.68,37.805,89.41,12820,2192.24,2023526795,16750.63,525,527,96,0,94,2237,9269,4267,385,9364,4360,387,2237,96,28,68,47,28,19,525,527,4127,4220,6,9269,4267,385,9364,4360,387,2237,96,28,68,47,28,19,525,527,4127,4220,6,60273.695,5.3,2,0.675,61500,1,0,0.6,31000,3.5,82,1,12.14,5.29,4,955,409,954,408,406,0,0,0,0,0,0,409,408,0,0,6009.163,730.24,672.69,655.39,862.66,655.39,13809.46,11953.9,1855.57,11907.64,1901.82,1286.51,0,954,0,0,763.85,1,2287.19,-975833618,1805.91,174.04,1216.33,39.46,10666.47,3538,403.58,11402920,11402920,406,1,1,1,-7.55,-7.55,-7.55,-7.55,-7.55,-7.55,-7.55,-7.55,-7.55,-7.55,-7.55,-7.55,-7.55,-7.56,-7.61,-7.55,-2.75,-2.75,137,2,137,137,137,137,137,137,137,137,137,137,137,137,137,137.02,137.14,2,2,2,2,2,2,2,2,2,2,2,2,2,1.98,1.86,0,0,0,0,0,0,0,0,0,0,0,0,0,0,0,0,0,0,0,0,0,0,0,0,0,0,0,0,0,0,0,0,0,0,0,0,0,0,0,0,0,0,0,0,0,0,0,0,0,0,0,0,0,0,0,0,0,0,0,0,0,0,0,0,0,0,0,0,0,0,0,0,0,0,0,0,0,0,0,0,0,0,0,0,0,0,0,0,0,0,0,0,0,0,0,0,0,0,0,0,99.01
37,2935,4617,781,897,39,4267,4360,28,385,387,68,615,9364,49,49,4127,615,96,4685.77,1166699.675,0,4,4,28,19,47,-429981997,6,2,66446.293,4224.69,47.07,63.01,2989.68,37.805,89.41,12820,2192.24,2023526795,16750.63,525,527,96,0,94,2237,9269,4267,385,9364,4360,387,2237,96,28,68,47,28,19,525,527,4127,4220,6,9269,4267,385,9364,4360,387,2237,96,28,68,47,28,19,525,527,4127,4220,6,60273.695,5.3,2,0.525,46000,1,0,0.6,31000,3.5,83,1,12.14,0,4,0,0,0,0,0,0,0,0,0,0,0,0,0,0,0,0,0,0,0,0,0,0,0,0,0,0,0,0,0,0,0,0,0,0,0,0,0,0,0,0,0,0,0,0,0,0,0,0,0,0,0,0,0,0,0,0,0,0,0,0,0,0,0,0,0,0,0,0,0,0,0,0,0,0,0,0,0,0,0,0,0,0,0,0,0,0,0,0,0,0,0,0,0,0,0,0,0,0,0,0,0,0,0,0,0,0,0,0,0,0,0,0,0,0,0,0,0,0,0,0,0,0,0,0,0,0,0,0,0,0,0,0,0,0,0,0,0,0,0,0,0,0,0,0,0,0,0,0,0,0,0,0,0,0,0,0,0,0,0,0,0,0,0,0,0,0,0,0,0,0,0,0,0,0,0,0,0,0,0,0,0,0,0,0,0,0,0,0,0,0,0,0,0,0,0,0,0,0,83.53
38,2935,4617,781,897,39,4267,4360,28,385,387,68,615,9364,49,49,4127,615,96,4685.77,1166699.675,0,4,4,28,19,47,-429981997,6,2,66446.293,4224.69,47.07,63.01,2989.68,37.805,89.41,12820,2192.24,2023526795,16750.63,525,527,96,0,94,2237,9269,4267,385,9364,4360,387,2237,96,28,68,47,28,19,525,527,4127,4220,6,9269,4267,385,9364,4360,387,2237,96,28,68,47,28,19,525,527,4127,4220,6,60273.695,5.3,2,0.675,61500,1,0,0.6,31000,3.5,76,1,12.14,0,4,0,0,0,0,0,0,0,0,0,0,0,0,0,0,0,0,0,0,0,0,0,0,0,0,0,0,0,0,0,0,0,0,0,0,0,0,0,0,0,0,0,0,0,0,0,0,0,0,0,0,0,0,0,0,0,0,0,0,0,0,0,0,0,0,0,0,0,0,0,0,0,0,0,0,0,0,0,0,0,0,0,0,0,0,0,0,0,0,0,0,0,0,0,0,0,0,0,0,0,0,0,0,0,0,0,0,0,0,0,0,0,0,0,0,0,0,0,0,0,0,0,0,0,0,0,0,0,0,0,0,0,0,0,0,0,0,0,0,0,0,0,0,0,0,0,0,0,0,0,0,0,0,0,0,0,0,0,0,0,0,0,0,0,0,0,0,0,0,0,0,0,0,0,0,0,0,0,0,0,0,0,0,0,0,0,0,0,0,0,0,0,0,0,0,0,0,0,0,108.24
39,2935,4617,781,897,39,4267,4360,28,385,387,68,615,9364,49,49,4127,615,96,4685.77,1166699.675,0,4,4,28,19,47,-429981997,6,2,66446.293,4224.69,47.07,63.01,2989.68,37.805,89.41,12820,2192.24,2023526795,16750.63,525,527,96,0,94,2237,9269,4267,385,9364,4360,387,2237,96,28,68,47,28,19,525,527,4127,4220,6,9269,4267,385,9364,4360,387,2237,96,28,68,47,28,19,525,527,4127,4220,6,60273.695,5.3,2,0.525,46000,1,0,0.6,31000,3.5,77,1,12.14,0,4,0,0,0,0,0,0,0,0,0,0,0,0,0,0,0,0,0,0,0,0,0,0,0,0,0,0,0,0,0,0,0,0,0,0,0,0,0,0,0,0,0,0,0,0,0,0,0,0,0,0,0,0,0,0,0,0,0,0,0,0,0,0,0,0,0,0,0,0,0,0,0,0,0,0,0,0,0,0,0,0,0,0,0,0,0,0,0,0,0,0,0,0,0,0,0,0,0,0,0,0,0,0,0,0,0,0,0,0,0,0,0,0,0,0,0,0,0,0,0,0,0,0,0,0,0,0,0,0,0,0,0,0,0,0,0,0,0,0,0,0,0,0,0,0,0,0,0,0,0,0,0,0,0,0,0,0,0,0,0,0,0,0,0,0,0,0,0,0,0,0,0,0,0,0,0,0,0,0,0,0,0,0,0,0,0,0,0,0,0,0,0,0,0,0,0,0,0,0,68
40,2935,4617,781,897,39,4267,4360,28,385,387,68,615,9364,49,49,4127,615,96,4685.77,1166699.675,0,4,4,28,19,47,-429981997,6,2,66446.293,4224.69,47.07,63.01,2989.68,37.805,89.41,12820,2192.24,2023526795,16750.63,525,527,96,0,94,2237,9269,4267,385,9364,4360,387,2237,96,28,68,47,28,19,525,527,4127,4220,6,9269,4267,385,9364,4360,387,2237,96,28,68,47,28,19,525,527,4127,4220,6,60273.695,5.3,2,0.525,46000,1,0,0.6,31000,3.5,69,1,12.14,0,4,0,0,0,0,0,0,0,0,0,0,0,0,0,0,0,0,0,0,0,0,0,0,0,0,0,0,0,0,0,0,0,0,0,0,0,0,0,0,0,0,0,0,0,0,0,0,0,0,0,0,0,0,0,0,0,0,0,0,0,0,0,0,0,0,0,0,0,0,0,0,0,0,0,0,0,0,0,0,0,0,0,0,0,0,0,0,0,0,0,0,0,0,0,0,0,0,0,0,0,0,0,0,0,0,0,0,0,0,0,0,0,0,0,0,0,0,0,0,0,0,0,0,0,0,0,0,0,0,0,0,0,0,0,0,0,0,0,0,0,0,0,0,0,0,0,0,0,0,0,0,0,0,0,0,0,0,0,0,0,0,0,0,0,0,0,0,0,0,0,0,0,0,0,0,0,0,0,0,0,0,0,0,0,0,0,0,0,0,0,0,0,0,0,0,0,0,0,0,65.08
41,2935,4617,781,897,39,4267,4360,28,385,387,68,615,9364,49,49,4127,615,96,4685.77,1166699.675,0,4,4,28,19,47,-429981997,6,2,66446.293,4224.69,47.07,63.01,2989.68,37.805,89.41,12820,2192.24,2023526795,16750.63,525,527,96,0,94,2237,9269,4267,385,9364,4360,387,2237,96,28,68,47,28,19,525,527,4127,4220,6,9269,4267,385,9364,4360,387,2237,96,28,68,47,28,19,525,527,4127,4220,6,60273.695,5.3,2,0.675,61500,1,0,0.6,31000,3.5,76,1,12.14,0,4,0,0,0,0,0,0,0,0,0,0,0,0,0,0,0,0,0,0,0,0,0,0,0,0,0,0,0,0,0,0,0,0,0,0,0,0,0,0,0,0,0,0,0,0,0,0,0,0,0,0,0,0,0,0,0,0,0,0,0,0,0,0,0,0,0,0,0,0,0,0,0,0,0,0,0,0,0,0,0,0,0,0,0,0,0,0,0,0,0,0,0,0,0,0,0,0,0,0,0,0,0,0,0,0,0,0,0,0,0,0,0,0,0,0,0,0,0,0,0,0,0,0,0,0,0,0,0,0,0,0,0,0,0,0,0,0,0,0,0,0,0,0,0,0,0,0,0,0,0,0,0,0,0,0,0,0,0,0,0,0,0,0,0,0,0,0,0,0,0,0,0,0,0,0,0,0,0,0,0,0,0,0,0,0,0,0,0,0,0,0,0,0,0,0,0,0,0,0,90.86
42,2935,4617,781,897,39,4267,4360,28,385,387,68,615,9364,49,49,4127,615,96,4685.77,1166699.675,0,4,4,28,19,47,-429981997,6,2,66446.293,4224.69,47.07,63.01,2989.68,37.805,89.41,12820,2192.24,2023526795,16750.63,525,527,96,0,94,2237,9269,4267,385,9364,4360,387,2237,96,28,68,47,28,19,525,527,4127,4220,6,9269,4267,385,9364,4360,387,2237,96,28,68,47,28,19,525,527,4127,4220,6,60273.695,5.3,2,0.675,61500,1,0,0.6,31000,3.5,81,1,12.14,0,4,0,0,0,0,0,0,0,0,0,0,0,0,0,0,0,0,0,0,0,0,0,0,0,0,0,0,0,0,0,0,0,0,0,0,0,0,0,0,0,0,0,0,0,0,0,0,0,0,0,0,0,0,0,0,0,0,0,0,0,0,0,0,0,0,0,0,0,0,0,0,0,0,0,0,0,0,0,0,0,0,0,0,0,0,0,0,0,0,0,0,0,0,0,0,0,0,0,0,0,0,0,0,0,0,0,0,0,0,0,0,0,0,0,0,0,0,0,0,0,0,0,0,0,0,0,0,0,0,0,0,0,0,0,0,0,0,0,0,0,0,0,0,0,0,0,0,0,0,0,0,0,0,0,0,0,0,0,0,0,0,0,0,0,0,0,0,0,0,0,0,0,0,0,0,0,0,0,0,0,0,0,0,0,0,0,0,0,0,0,0,0,0,0,0,0,0,0,0,89.01
43,1901,2999,499,574,22,2754,2807,14,242,245,43,406,6051,33,33,2684,406,57,6051,16318.4,0,6,6,14,10,24,1012936979,6,2,42733.582,2784.77,40.81,50.62,1628.67,26.97,79.92,8250,1411.08,1724522101,10803.69,312,315,57,0,54,1433,5995,2754,242,6051,2807,245,1433,57,14,43,24,14,10,312,315,2684,2737,6,5995,2754,242,6051,2807,245,1433,57,14,43,24,14,10,312,315,2684,2737,6,38963.98,4.54,1,0.525,46000,1,1,0.3,30000,2,70.8,1,10,0,1,0,0,0,0,0,0,0,0,0,0,0,0,0,0,0,0,0,0,0,0,0,0,0,0,0,0,0,0,0,0,0,0,0,0,0,0,0,0,0,0,0,0,0,0,0,0,0,0,0,0,0,0,0,0,0,0,0,0,0,0,0,0,0,0,0,0,0,0,0,0,0,0,0,0,0,0,0,0,0,0,0,0,0,0,0,0,0,0,0,0,0,0,0,0,0,0,0,0,0,0,0,0,0,0,0,0,0,0,0,0,0,0,0,0,0,0,0,0,0,0,0,0,0,0,0,0,0,0,0,0,0,0,0,0,0,0,0,0,0,0,0,0,0,0,0,0,0,0,0,0,0,0,0,0,0,0,0,0,0,0,0,0,0,0,0,0,0,0,0,0,0,0,0,0,0,0,0,0,0,0,0,0,0,0,0,0,0,0,0,0,0,0,0,0,0,0,0,0,0.42
44,1901,2999,499,574,22,2754,2807,14,242,245,43,406,6051,33,33,2684,406,57,6051,16318.4,0,6,6,14,10,24,1012936979,6,2,42733.582,2784.77,40.81,50.62,1628.67,26.97,79.92,8250,1411.08,1724522101,10803.69,312,315,57,0,54,1433,5995,2754,242,6051,2807,245,1433,57,14,43,24,14,10,312,315,2684,2737,6,5995,2754,242,6051,2807,245,1433,57,14,43,24,14,10,312,315,2684,2737,6,38963.98,4.54,1,0.525,46000,1,1,0.3,30000,2,29.7,1,10,0,1,0,0,0,0,0,0,0,0,0,0,0,0,0,0,0,0,0,0,0,0,0,0,0,0,0,0,0,0,0,0,0,0,0,0,0,0,0,0,0,0,0,0,0,0,0,0,0,0,0,0,0,0,0,0,0,0,0,0,0,0,0,0,0,0,0,0,0,0,0,0,0,0,0,0,0,0,0,0,0,0,0,0,0,0,0,0,0,0,0,0,0,0,0,0,0,0,0,0,0,0,0,0,0,0,0,0,0,0,0,0,0,0,0,0,0,0,0,0,0,0,0,0,0,0,0,0,0,0,0,0,0,0,0,0,0,0,0,0,0,0,0,0,0,0,0,0,0,0,0,0,0,0,0,0,0,0,0,0,0,0,0,0,0,0,0,0,0,0,0,0,0,0,0,0,0,0,0,0,0,0,0,0,0,0,0,0,0,0,0,0,0,0,0,0,0,0,0,0,0.45
45,1901,2999,499,574,22,2754,2807,14,242,245,43,406,6051,33,33,2684,406,57,6051,16318.4,0,6,6,14,10,24,1012936979,6,2,42733.582,2784.77,40.81,50.62,1628.67,26.97,79.92,8250,1411.08,1724522101,10803.69,312,315,57,0,54,1433,5995,2754,242,6051,2807,245,1433,57,14,43,24,14,10,312,315,2684,2737,6,5995,2754,242,6051,2807,245,1433,57,14,43,24,14,10,312,315,2684,2737,6,38963.98,4.54,1,0.525,46000,1,1,0.3,30000,2,27.3,1,10,0,1,0,0,0,0,0,0,0,0,0,0,0,0,0,0,0,0,0,0,0,0,0,0,0,0,0,0,0,0,0,0,0,0,0,0,0,0,0,0,0,0,0,0,0,0,0,0,0,0,0,0,0,0,0,0,0,0,0,0,0,0,0,0,0,0,0,0,0,0,0,0,0,0,0,0,0,0,0,0,0,0,0,0,0,0,0,0,0,0,0,0,0,0,0,0,0,0,0,0,0,0,0,0,0,0,0,0,0,0,0,0,0,0,0,0,0,0,0,0,0,0,0,0,0,0,0,0,0,0,0,0,0,0,0,0,0,0,0,0,0,0,0,0,0,0,0,0,0,0,0,0,0,0,0,0,0,0,0,0,0,0,0,0,0,0,0,0,0,0,0,0,0,0,0,0,0,0,0,0,0,0,0,0,0,0,0,0,0,0,0,0,0,0,0,0,0,0,0,0,0.67
46,1901,2999,499,574,22,2754,2807,14,242,245,43,406,6051,33,33,2684,406,57,6051,16318.4,0,6,6,14,10,24,1012936979,6,2,42733.582,2784.77,40.81,50.62,1628.67,26.97,79.92,8250,1411.08,1724522101,10803.69,312,315,57,0,54,1433,5995,2754,242,6051,2807,245,1433,57,14,43,24,14,10,312,315,2684,2737,6,5995,2754,242,6051,2807,245,1433,57,14,43,24,14,10,312,315,2684,2737,6,38963.98,4.54,1,0.525,46000,1,1,0.3,30000,2,80,1,10,0,1,0,0,0,0,0,0,0,0,0,0,0,0,0,0,0,0,0,0,0,0,0,0,0,0,0,0,0,0,0,0,0,0,0,0,0,0,0,0,0,0,0,0,0,0,0,0,0,0,0,0,0,0,0,0,0,0,0,0,0,0,0,0,0,0,0,0,0,0,0,0,0,0,0,0,0,0,0,0,0,0,0,0,0,0,0,0,0,0,0,0,0,0,0,0,0,0,0,0,0,0,0,0,0,0,0,0,0,0,0,0,0,0,0,0,0,0,0,0,0,0,0,0,0,0,0,0,0,0,0,0,0,0,0,0,0,0,0,0,0,0,0,0,0,0,0,0,0,0,0,0,0,0,0,0,0,0,0,0,0,0,0,0,0,0,0,0,0,0,0,0,0,0,0,0,0,0,0,0,0,0,0,0,0,0,0,0,0,0,0,0,0,0,0,0,0,0,0,0,3.44
47,2926,4608,784,884,41,4252,4341,24,383,384,67,607,9333,50,50,4132,607,91,9333,4215634.48,0,2,2,24,17,41,-239907213,6,2,66227.283,4442.56,47.72,54.72,2975.82,41.89,89.9,12746,2183.48,1978488162,16731.57,503,504,91,0,90,2237,9243,4252,383,9333,4341,384,2237,91,24,67,41,24,17,503,504,4132,4221,6,9243,4252,383,9333,4341,384,2237,91,24,67,41,24,17,503,504,4132,4221,6,60041.96,4.7,1,0.525,46000,1,1,0.3,30000,2,51.5,1,10,0,1,0,0,0,0,0,0,0,0,0,0,0,0,0,0,0,0,0,0,0,0,0,0,0,0,0,0,0,0,0,0,0,0,0,0,0,0,0,0,0,0,0,0,0,0,0,0,0,0,0,0,0,0,0,0,0,0,0,0,0,0,0,0,0,0,0,0,0,0,0,0,0,0,0,0,0,0,0,0,0,0,0,0,0,0,0,0,0,0,0,0,0,0,0,0,0,0,0,0,0,0,0,0,0,0,0,0,0,0,0,0,0,0,0,0,0,0,0,0,0,0,0,0,0,0,0,0,0,0,0,0,0,0,0,0,0,0,0,0,0,0,0,0,0,0,0,0,0,0,0,0,0,0,0,0,0,0,0,0,0,0,0,0,0,0,0,0,0,0,0,0,0,0,0,0,0,0,0,0,0,0,0,0,0,0,0,0,0,0,0,0,0,0,0,0,0,0,0,0,0.74
48,78,107,25,26,0,102,106,0,27,27,5,14,240,2,2,102,14,5,1.31,4900.58,0,0,0,0,3,3,1946040,6,1,1810.836,365.7,15.16,18.69,256.54,11.14,28.24,830,104.6,154308,449.68,27,27,5,0,5,58,236,102,27,240,106,27,58,5,0,5,3,0,3,27,27,102,106,6,236,102,27,240,106,27,58,5,0,5,3,0,3,27,27,102,106,6,1597,5.28,1,0.38,31000,1,0,8,50000,4,75.05,1,5,0,1,0,0,0,0,0,0,0,0,0,0,0,0,0,0,0,0,0,0,0,0,0,0,0,0,0,0,0,0,0,0,0,0,0,0,0,0,0,0,0,0,0,0,0,0,0,0,0,0,0,0,0,0,0,0,0,0,0,0,0,0,0,0,0,0,0,0,0,0,0,0,0,0,0,0,0,0,0,0,0,0,0,0,0,0,0,0,0,0,0,0,0,0,0,0,0,0,0,0,0,0,0,0,0,0,0,0,0,0,0,0,0,0,0,0,0,0,0,0,0,0,0,0,0,0,0,0,0,0,0,0,0,0,0,0,0,0,0,0,0,0,0,0,0,0,0,0,0,0,0,0,0,0,0,0,0,0,0,0,0,0,0,0,0,0,0,0,0,0,0,0,0,0,0,0,0,0,0,0,0,0,0,0,0,0,0,0,0,0,0,0,0,0,0,0,0,0,0,0,1.22
49,993,1551,267,294,7,1413,1443,7,148,150,26,200,3144,22,22,1378,200,33,3144,28921.96,0,4,4,7,4,11,-550519458,6,2,22158.008,1864.7,34.67,49.56,1190.48,22.63,62.08,4302,735.36,235510264,5676.01,183,185,33,0,31,744,3112,1413,148,3144,1443,150,744,33,7,26,11,7,4,183,185,1378,1408,6,3112,1413,148,3144,1443,150,744,33,7,26,11,7,4,183,185,1378,1408,6,20201.15,5,1,0.2,12000,1,0,1,18000,2.5,98.4,1,40,50,1,753,303,752,302,232,0,0,0,0,0,0,303,302,0,0,4407.922,517.98,488.2,465.57,600.18,465.57,8778.65,7031.68,1746.97,8089.74,688.91,751.17,68,752,68,0,795.91,1,1891.16,202823448,1171.27,82.44,335.69,19.46,8101.61,2846,317.07,3515256,3515256,368,1,1,1,23.5,23.5,23.5,23.5,23.5,23.5,23.5,23.5,23.5,23.5,23.5,23.5,23.5,23.49,23.44,23.5,-2.75,-2.75,79,2,79,79,79,79,79,79,79,79,79,79,79,79,79,79.02,79.14,2,2,2,2,2,2,2,2,2,2,2,2,2,1.98,1.86,0,0,0,0,0,0,0,0,0,0,0,0,0,0,0,0,0,0,0,0,0,0,0,0,0,0,0,0,0,0,0,0,0,0,0,0,0,0,0,0,0,0,0,0,0,0,0,0,0,0,0,0,0,0,0,0,0,0,0,0,0,0,0,0,0,0,0,0,0,0,0,0,0,0,0,0,0,0,0,0,0,0,0,0,0,0,0,0,0,0,0,0,0,0,0,0,0,0,0,0,100
50,993,1551,267,294,7,1413,1443,7,148,150,26,200,3144,22,22,1378,200,33,3144,28921.96,0,4,4,7,4,11,-550519458,6,2,22158.008,1864.7,34.67,49.56,1190.48,22.63,62.08,4302,735.36,235510264,5676.01,183,185,33,0,31,744,3112,1413,148,3144,1443,150,744,33,7,26,11,7,4,183,185,1378,1408,6,3112,1413,148,3144,1443,150,744,33,7,26,11,7,4,183,185,1378,1408,6,20201.15,5,1,0.2,12000,1,0,1,18000,2.5,76.7,1,32,40,2,753,303,752,302,232,0,0,0,0,0,0,303,302,0,0,4407.922,517.98,488.2,465.57,600.18,465.57,8778.65,7031.68,1746.97,8089.74,688.91,751.17,68,752,68,0,795.91,1,1891.16,202823448,1171.27,82.44,335.69,19.46,8101.61,2846,317.07,3515256,3515256,368,1,1,1,23.5,23.5,23.5,23.5,23.5,23.5,23.5,23.5,23.5,23.5,23.5,23.5,23.5,23.49,23.44,23.5,-2.75,-2.75,79,2,79,79,79,79,79,79,79,79,79,79,79,79,79,79.02,79.14,2,2,2,2,2,2,2,2,2,2,2,2,2,1.98,1.86,0,0,0,0,0,0,0,0,0,0,0,0,0,0,0,0,0,0,0,0,0,0,0,0,0,0,0,0,0,0,0,0,0,0,0,0,0,0,0,0,0,0,0,0,0,0,0,0,0,0,0,0,0,0,0,0,0,0,0,0,0,0,0,0,0,0,0,0,0,0,0,0,0,0,0,0,0,0,0,0,0,0,0,0,0,0,0,0,0,0,0,0,0,0,0,0,0,0,0,0,20
51,257,383,65,77,6,353,364,3,52,52,9,52,799,7,7,256,52,12,799,1129.56,2,0,2,3,2,5,63697313,81,2,5807.57,727.41,19.22,32.27,593.03,18.14,31.92,2846,345.1,4730554,1458.34,149,150,12,2,11,126,788,353,52,799,364,52,126,12,3,9,5,3,2,149,150,256,266,81,788,353,52,799,364,52,126,12,3,9,5,3,2,149,150,256,266,81,5216.55,5.33,1,0.18,10000,3,0,0,0,1,99.4,1,2,0,3,0,0,0,0,0,0,0,0,0,0,0,0,0,0,0,0,0,0,0,0,0,0,0,0,0,0,0,0,0,0,0,0,0,0,0,0,0,0,0,0,0,0,0,0,0,0,0,0,0,0,0,0,0,0,0,0,0,0,0,0,0,0,0,0,0,0,0,0,0,0,0,0,0,0,0,0,0,0,0,0,0,0,0,0,0,0,0,0,0,0,0,0,0,0,0,0,0,0,125,49,0,125,49,0,36,1,1,1,1,5,5,44,44,5,5,693.049,87.51,84.6,78.02,99.92,78.02,1408.85,1071.31,337.54,1296.49,112.36,102.29,4,125,4,1,119.86,1,191.07,147898,213.15,17.97,143.16,9.47,1281.38,478,52.96,15339,15204,55,4,9,1,12.33,12.33,12.33,12.33,12.33,12.33,12.33,12.33,12.33,12.33,12.33,12.32,12.27,11.95,11.04,12.33,-3.52,-3.64,5,2,7,7,7,7,7,7,7,7,7,7,7,7.01,7.12,7.6,8.24,2,2,2,2,2,2,2,2,2,2,2,1.99,1.88,1.4,0.76,5
52,257,383,65,77,6,353,364,3,52,52,9,52,799,7,7,256,52,12,799,1129.56,2,0,2,3,2,5,63697313,81,2,5807.57,727.41,19.22,32.27,593.03,18.14,31.92,2846,345.1,4730554,1458.34,149,150,12,2,11,126,788,353,52,799,364,52,126,12,3,9,5,3,2,149,150,256,266,81,788,353,52,799,364,52,126,12,3,9,5,3,2,149,150,256,266,81,5216.55,5.33,1,0.3,25000,3,0,0,0,1,90.5,1,2,0,3,0,0,0,0,0,0,0,0,0,0,0,0,0,0,0,0,0,0,0,0,0,0,0,0,0,0,0,0,0,0,0,0,0,0,0,0,0,0,0,0,0,0,0,0,0,0,0,0,0,0,0,0,0,0,0,0,0,0,0,0,0,0,0,0,0,0,0,0,0,0,0,0,0,0,0,0,0,0,0,0,0,0,0,0,0,0,0,0,0,0,0,0,0,0,0,0,0,0,125,49,0,125,49,0,36,1,1,1,1,5,5,44,44,5,5,693.049,87.51,84.6,78.02,99.92,78.02,1408.85,1071.31,337.54,1296.49,112.36,102.29,4,125,4,1,119.86,1,191.07,147898,213.15,17.97,143.16,9.47,1281.38,478,52.96,15339,15204,55,4,9,1,12.33,12.33,12.33,12.33,12.33,12.33,12.33,12.33,12.33,12.33,12.33,12.32,12.27,11.95,11.04,12.33,-3.52,-3.64,5,2,7,7,7,7,7,7,7,7,7,7,7,7.01,7.12,7.6,8.24,2,2,2,2,2,2,2,2,2,2,2,1.99,1.88,1.4,0.76,5
53,257,383,65,77,6,353,364,3,52,52,9,52,799,7,7,256,52,12,799,1129.56,2,0,2,3,2,5,63697313,81,2,5807.57,727.41,19.22,32.27,593.03,18.14,31.92,2846,345.1,4730554,1458.34,149,150,12,2,11,126,788,353,52,799,364,52,126,12,3,9,5,3,2,149,150,256,266,81,788,353,52,799,364,52,126,12,3,9,5,3,2,149,150,256,266,81,5216.55,5.33,1,0.855,90000,3,0,0,0,1,100,1,2,0,3,0,0,0,0,0,0,0,0,0,0,0,0,0,0,0,0,0,0,0,0,0,0,0,0,0,0,0,0,0,0,0,0,0,0,0,0,0,0,0,0,0,0,0,0,0,0,0,0,0,0,0,0,0,0,0,0,0,0,0,0,0,0,0,0,0,0,0,0,0,0,0,0,0,0,0,0,0,0,0,0,0,0,0,0,0,0,0,0,0,0,0,0,0,0,0,0,0,0,125,49,0,125,49,0,36,1,1,1,1,5,5,44,44,5,5,693.049,87.51,84.6,78.02,99.92,78.02,1408.85,1071.31,337.54,1296.49,112.36,102.29,4,125,4,1,119.86,1,191.07,147898,213.15,17.97,143.16,9.47,1281.38,478,52.96,15339,15204,55,4,9,1,12.33,12.33,12.33,12.33,12.33,12.33,12.33,12.33,12.33,12.33,12.33,12.32,12.27,11.95,11.04,12.33,-3.52,-3.64,5,2,7,7,7,7,7,7,7,7,7,7,7,7.01,7.12,7.6,8.24,2,2,2,2,2,2,2,2,2,2,2,1.99,1.88,1.4,0.76,5
54,821,1361,233,237,5,1221,1241,10,75,78,14,173,2680,11,11,1171,173,24,2680,29156.8,0,6,6,10,3,13,899761443,6,2,18448.335,1709.32,30.84,37.71,1037.57,22.61,57.2,9642,1140.37,142919896,4913.63,125,128,24,0,21,615,2657,1221,75,2680,1241,78,615,24,10,14,13,10,3,125,128,1171,1191,6,2657,1221,75,2680,1241,78,615,24,10,14,13,10,3,125,128,1171,1191,6,16911.14,4.8,1,0.25,23000,3,0,2,40500,2.5,85.3,1,18,0,2,0,0,0,0,0,0,0,0,0,0,0,0,0,0,0,0,0,0,0,0,0,0,0,0,0,0,0,0,0,0,0,0,0,0,0,0,0,0,0,0,0,0,0,0,0,0,0,0,0,0,0,0,0,0,0,0,0,0,0,0,0,0,0,0,0,0,0,0,0,0,0,0,0,0,0,0,0,0,0,0,0,0,0,0,0,0,0,0,0,0,0,0,0,0,0,0,0,0,0,0,0,0,0,0,0,0,0,0,0,0,0,0,0,0,0,0,0,0,0,0,0,0,0,0,0,0,0,0,0,0,0,0,0,0,0,0,0,0,0,0,0,0,0,0,0,0,0,0,0,0,0,0,0,0,0,0,0,0,0,0,0,0,0,0,0,0,0,0,0,0,0,0,0,0,0,0,0,0,0,0,0,0,0,0,0,0,0,0,0,0,0,0,0,0,0,0,0,0,63
55,1390,2258,396,440,15,2125,2154,11,116,119,22,301,4531,12,12,2070,301,33,4531,76820.65,0,6,6,11,10,21,-593140135,6,2,32038.166,2034.09,30.43,50.625,1586.055,27.98,58.09,6142,1052.98,781998054,8010.02,171,174,33,0,30,1080,4499,2125,116,4531,2154,119,1080,33,11,22,21,11,10,171,174,2070,2099,6,4499,2125,116,4531,2154,119,1080,33,11,22,21,11,10,171,174,2070,2099,6,29133.04,4.67,2,0.38,34000,1,0,1,50000,0.5,40.3,1,10,0,1,0,0,0,0,0,0,0,0,0,0,0,0,0,0,0,0,0,0,0,0,0,0,0,0,0,0,0,0,0,0,0,0,0,0,0,0,0,0,0,0,0,0,0,0,0,0,0,0,0,0,0,0,0,0,0,0,0,0,0,0,0,0,0,0,0,0,0,0,0,0,0,0,0,0,0,0,0,0,0,0,0,0,0,0,0,0,0,0,0,0,0,0,0,0,0,0,0,0,0,0,0,0,0,0,0,0,0,0,0,0,0,0,0,0,0,0,0,0,0,0,0,0,0,0,0,0,0,0,0,0,0,0,0,0,0,0,0,0,0,0,0,0,0,0,0,0,0,0,0,0,0,0,0,0,0,0,0,0,0,0,0,0,0,0,0,0,0,0,0,0,0,0,0,0,0,0,0,0,0,0,0,0,0,0,0,0,0,0,0,0,0,0,0,0,0,0,0,0,200
56,1390,2258,396,440,15,2125,2154,11,116,119,22,301,4531,12,12,2070,301,33,4531,76820.65,0,6,6,11,10,21,-593140135,6,2,32038.166,2034.09,30.43,50.625,1586.055,27.98,58.09,6142,1052.98,781998054,8010.02,171,174,33,0,30,1080,4499,2125,116,4531,2154,119,1080,33,11,22,21,11,10,171,174,2070,2099,6,4499,2125,116,4531,2154,119,1080,33,11,22,21,11,10,171,174,2070,2099,6,29133.04,4.67,2,0.38,34000,1,0,1,50000,0.5,21.4,1,10,0,1,0,0,0,0,0,0,0,0,0,0,0,0,0,0,0,0,0,0,0,0,0,0,0,0,0,0,0,0,0,0,0,0,0,0,0,0,0,0,0,0,0,0,0,0,0,0,0,0,0,0,0,0,0,0,0,0,0,0,0,0,0,0,0,0,0,0,0,0,0,0,0,0,0,0,0,0,0,0,0,0,0,0,0,0,0,0,0,0,0,0,0,0,0,0,0,0,0,0,0,0,0,0,0,0,0,0,0,0,0,0,0,0,0,0,0,0,0,0,0,0,0,0,0,0,0,0,0,0,0,0,0,0,0,0,0,0,0,0,0,0,0,0,0,0,0,0,0,0,0,0,0,0,0,0,0,0,0,0,0,0,0,0,0,0,0,0,0,0,0,0,0,0,0,0,0,0,0,0,0,0,0,0,0,0,0,0,0,0,0,0,0,0,0,0,0,0,0,0,226
57,1390,2258,396,440,15,2125,2154,11,116,119,22,301,4531,12,12,2070,301,33,4531,76820.65,0,6,6,11,10,21,-593140135,6,2,32038.166,2034.09,30.43,50.625,1586.055,27.98,58.09,6142,1052.98,781998054,8010.02,171,174,33,0,30,1080,4499,2125,116,4531,2154,119,1080,33,11,22,21,11,10,171,174,2070,2099,6,4499,2125,116,4531,2154,119,1080,33,11,22,21,11,10,171,174,2070,2099,6,29133.04,4.67,2,0.2,12000,1,0,1,50000,0.5,15.2,1,10,0,1,0,0,0,0,0,0,0,0,0,0,0,0,0,0,0,0,0,0,0,0,0,0,0,0,0,0,0,0,0,0,0,0,0,0,0,0,0,0,0,0,0,0,0,0,0,0,0,0,0,0,0,0,0,0,0,0,0,0,0,0,0,0,0,0,0,0,0,0,0,0,0,0,0,0,0,0,0,0,0,0,0,0,0,0,0,0,0,0,0,0,0,0,0,0,0,0,0,0,0,0,0,0,0,0,0,0,0,0,0,0,0,0,0,0,0,0,0,0,0,0,0,0,0,0,0,0,0,0,0,0,0,0,0,0,0,0,0,0,0,0,0,0,0,0,0,0,0,0,0,0,0,0,0,0,0,0,0,0,0,0,0,0,0,0,0,0,0,0,0,0,0,0,0,0,0,0,0,0,0,0,0,0,0,0,0,0,0,0,0,0,0,0,0,0,0,0,0,0,196
58,254,377,65,75,6,348,359,3,52,52,9,49,788,7,7,251,49,12,1,1005.12,2,0,2,3,2,5,61404185,81,2,5733.492,902.55,26.43,36.04,643.59,18.61,52.86,2806,340.23,4598227,1441.81,149,150,12,1,11,123,777,348,52,788,359,52,123,12,3,9,5,3,2,149,150,251,261,81,777,348,52,788,359,52,123,12,3,9,5,3,2,149,150,251,261,81,5145.68,5.3,1,0.208,20000,3,0,1,50000,5,62.6,3,2,0,1,0,0,0,0,0,0,0,0,0,0,0,0,0,0,0,0,0,0,0,0,0,0,0,0,0,0,0,0,0,0,0,0,0,0,0,0,0,0,0,0,0,0,0,0,0,0,0,0,0,0,0,0,0,0,0,0,0,0,0,0,0,0,0,0,0,0,0,0,0,0,0,0,0,0,0,0,0,0,0,0,0,0,0,0,0,0,0,0,0,0,0,0,0,0,0,0,0,0,0,0,0,0,0,0,0,0,0,0,0,0,0,0,0,0,0,0,0,0,0,0,0,0,0,0,0,0,0,0,0,0,0,0,0,0,0,0,0,0,0,0,0,0,0,0,0,0,0,0,0,0,0,0,0,0,0,0,0,0,0,0,0,0,0,0,0,0,0,0,0,0,0,0,0,0,0,0,0,0,0,0,0,0,0,0,0,0,0,0,0,0,0,0,0,0,0,0,0,0,0.4
59,254,377,65,75,6,348,359,3,52,52,9,49,788,7,7,251,49,12,1,1005.12,2,0,2,3,2,5,61404185,81,2,5733.492,902.55,26.43,36.04,643.59,18.61,52.86,2806,340.23,4598227,1441.81,149,150,12,1,11,123,777,348,52,788,359,52,123,12,3,9,5,3,2,149,150,251,261,81,777,348,52,788,359,52,123,12,3,9,5,3,2,149,150,251,261,81,5145.68,5.3,1,0.53,40500,1,0,0.5,205000,2.5,59,1,20,40,1,357,161,364,168,70,8,8,8,8,49,56,112,112,6,35,2354.646,245.11,247.62,254.33,233.37,254.33,2672.61,2090.79,581.82,2241.12,431.49,747.88,56,364,56,8,450.07,1,1463.07,1362767,381.54,12.67,251.82,11.94,3694.11,1372,153.77,400806,166551,259,1,1,1,-4.63,-4.63,-4.63,-4.63,-4.63,-4.63,-4.63,-4.63,-4.63,-4.63,-4.63,-4.63,-4.64,-4.68,-5.09,-4.63,-2.86,-2.86,56,21,56,56,56,56,56,56,56,56,56,56,56,56,56.01,56.11,56.99,21,21,21,21,21,21,21,21,21,21,21,21,20.99,20.89,20.01,0,0,0,0,0,0,0,0,0,0,0,0,0,0,0,0,0,0,0,0,0,0,0,0,0,0,0,0,0,0,0,0,0,0,0,0,0,0,0,0,0,0,0,0,0,0,0,0,0,0,0,0,0,0,0,0,0,0,0,0,0,0,0,0,0,0,0,0,0,0,0,0,0,0,0,0,0,0,0,0,0,0,0,0,0,0,0,0,0,0,0,0,0,0,0,0,0,0,0,0,26.2
60,254,377,65,75,6,348,359,3,52,52,9,49,788,7,7,251,49,12,1,1005.12,2,0,2,3,2,5,61404185,81,2,5733.492,902.55,26.43,36.04,643.59,18.61,52.86,2806,340.23,4598227,1441.81,149,150,12,1,11,123,777,348,52,788,359,52,123,12,3,9,5,3,2,149,150,251,261,81,777,348,52,788,359,52,123,12,3,9,5,3,2,149,150,251,261,81,5145.68,5.3,1,0.53,40500,1,0,0.5,205000,2.5,59,1,20,40,1,357,161,364,168,70,8,8,8,8,49,56,112,112,6,35,2354.646,245.11,247.62,254.33,233.37,254.33,2672.61,2090.79,581.82,2241.12,431.49,747.88,56,364,56,8,450.07,1,1463.07,1362767,381.54,12.67,251.82,11.94,3694.11,1372,153.77,400806,166551,259,1,1,1,-4.63,-4.63,-4.63,-4.63,-4.63,-4.63,-4.63,-4.63,-4.63,-4.63,-4.63,-4.63,-4.64,-4.68,-5.09,-4.63,-2.86,-2.86,56,21,56,56,56,56,56,56,56,56,56,56,56,56,56.01,56.11,56.99,21,21,21,21,21,21,21,21,21,21,21,21,20.99,20.89,20.01,0,0,0,0,0,0,0,0,0,0,0,0,0,0,0,0,0,0,0,0,0,0,0,0,0,0,0,0,0,0,0,0,0,0,0,0,0,0,0,0,0,0,0,0,0,0,0,0,0,0,0,0,0,0,0,0,0,0,0,0,0,0,0,0,0,0,0,0,0,0,0,0,0,0,0,0,0,0,0,0,0,0,0,0,0,0,0,0,0,0,0,0,0,0,0,0,0,0,0,0,26.2
61,254,377,65,75,6,348,359,3,52,52,9,49,788,7,7,251,49,12,1,1005.12,2,0,2,3,2,5,61404185,81,2,5733.492,902.55,26.43,36.04,643.59,18.61,52.86,2806,340.23,4598227,1441.81,149,150,12,1,11,123,777,348,52,788,359,52,123,12,3,9,5,3,2,149,150,251,261,81,777,348,52,788,359,52,123,12,3,9,5,3,2,149,150,251,261,81,5145.68,5.3,1,0.2,16000,1,1.25,0,38000,5,39,1,8,0,1,0,0,0,0,0,0,0,0,0,0,0,0,0,0,0,0,0,0,0,0,0,0,0,0,0,0,0,0,0,0,0,0,0,0,0,0,0,0,0,0,0,0,0,0,0,0,0,0,0,0,0,0,0,0,0,0,0,0,0,0,0,0,0,0,0,0,0,0,0,0,0,0,0,0,0,0,0,0,0,0,0,0,0,0,0,0,0,0,0,0,0,0,0,0,0,0,0,0,0,0,0,0,0,0,0,0,0,0,0,0,0,0,0,0,0,0,0,0,0,0,0,0,0,0,0,0,0,0,0,0,0,0,0,0,0,0,0,0,0,0,0,0,0,0,0,0,0,0,0,0,0,0,0,0,0,0,0,0,0,0,0,0,0,0,0,0,0,0,0,0,0,0,0,0,0,0,0,0,0,0,0,0,0,0,0,0,0,0,0,0,0,0,0,0,0,0,0,0,64
62,1904,2988,482,559,10,2689,2748,15,266,268,47,397,6004,35,35,2614,397,62,6004,21044.93,0,4,4,15,12,27,140759740,6,2,41895.642,2688.32,42.8,51.81,1750.41,26.53,85.01,8150,1392.23,1624042970,10559.42,341,343,62,0,60,1419,5943,2689,266,6004,2748,268,1419,62,15,47,27,15,12,341,343,2614,2673,6,5943,2689,266,6004,2748,268,1419,62,15,47,27,15,12,341,343,2614,2673,6,38320.08,4,1,0.675,61500,1,0,2,93500,3,94.6,1,0.833,1,1,357,161,364,168,70,8,8,8,8,49,56,112,112,6,35,2354.646,245.11,247.62,254.33,233.37,254.33,2672.61,2090.79,581.82,2241.12,431.49,747.88,56,364,56,8,450.07,1,1463.07,1362767,381.54,12.67,251.82,11.94,3694.11,1372,153.77,400806,166551,259,1,1,1,-4.63,-4.63,-4.63,-4.63,-4.63,-4.63,-4.63,-4.63,-4.63,-4.63,-4.63,-4.63,-4.64,-4.68,-5.09,-4.63,-2.86,-2.86,56,21,56,56,56,56,56,56,56,56,56,56,56,56,56.01,56.11,56.99,21,21,21,21,21,21,21,21,21,21,21,21,20.99,20.89,20.01,0,0,0,0,0,0,0,0,0,0,0,0,0,0,0,0,0,0,0,0,0,0,0,0,0,0,0,0,0,0,0,0,0,0,0,0,0,0,0,0,0,0,0,0,0,0,0,0,0,0,0,0,0,0,0,0,0,0,0,0,0,0,0,0,0,0,0,0,0,0,0,0,0,0,0,0,0,0,0,0,0,0,0,0,0,0,0,0,0,0,0,0,0,0,0,0,0,0,0,0,0.395
63,1904,2988,482,559,10,2689,2748,15,266,268,47,397,6004,35,35,2614,397,62,6004,21044.93,0,4,4,15,12,27,140759740,6,2,41895.642,2688.32,42.8,51.81,1750.41,26.53,85.01,8150,1392.23,1624042970,10559.42,341,343,62,0,60,1419,5943,2689,266,6004,2748,268,1419,62,15,47,27,15,12,341,343,2614,2673,6,5943,2689,266,6004,2748,268,1419,62,15,47,27,15,12,341,343,2614,2673,6,38320.08,4,1,0.855,96000,3,0,2,93500,3,92.2,1,0.833,1,1,357,161,364,168,70,8,8,8,8,49,56,112,112,6,35,2354.646,245.11,247.62,254.33,233.37,254.33,2672.61,2090.79,581.82,2241.12,431.49,747.88,56,364,56,8,450.07,1,1463.07,1362767,381.54,12.67,251.82,11.94,3694.11,1372,153.77,400806,166551,259,1,1,1,-4.63,-4.63,-4.63,-4.63,-4.63,-4.63,-4.63,-4.63,-4.63,-4.63,-4.63,-4.63,-4.64,-4.68,-5.09,-4.63,-2.86,-2.86,56,21,56,56,56,56,56,56,56,56,56,56,56,56,56.01,56.11,56.99,21,21,21,21,21,21,21,21,21,21,21,21,20.99,20.89,20.01,0,0,0,0,0,0,0,0,0,0,0,0,0,0,0,0,0,0,0,0,0,0,0,0,0,0,0,0,0,0,0,0,0,0,0,0,0,0,0,0,0,0,0,0,0,0,0,0,0,0,0,0,0,0,0,0,0,0,0,0,0,0,0,0,0,0,0,0,0,0,0,0,0,0,0,0,0,0,0,0,0,0,0,0,0,0,0,0,0,0,0,0,0,0,0,0,0,0,0,0,0.429
64,1904,2988,482,559,10,2689,2748,15,266,268,47,397,6004,35,35,2614,397,62,6004,21044.93,0,4,4,15,12,27,140759740,6,2,41895.642,2688.32,42.8,51.81,1750.41,26.53,85.01,8150,1392.23,1624042970,10559.42,341,343,62,0,60,1419,5943,2689,266,6004,2748,268,1419,62,15,47,27,15,12,341,343,2614,2673,6,5943,2689,266,6004,2748,268,1419,62,15,47,27,15,12,341,343,2614,2673,6,38320.08,4,1,0.675,61500,1,0,0,0,3,88,1,0.833,6.25,3,0,0,0,0,0,0,0,0,0,0,0,0,0,0,0,0,0,0,0,0,0,0,0,0,0,0,0,0,0,0,0,0,0,0,0,0,0,0,0,0,0,0,0,0,0,0,0,0,0,0,0,0,0,0,0,0,0,0,0,0,0,0,0,0,0,0,0,0,0,0,0,0,0,0,0,0,0,0,0,0,0,0,0,0,0,0,0,0,0,0,0,0,0,0,0,0,0,0,74,30,0,74,30,0,19,1,1,1,1,5,5,25,25,5,5,428.603,51.24,40.21,48.72,64.77,48.72,831.24,626.57,204.68,710.27,120.97,96.22,4,74,4,1,79.22,1,98.02,27396,140.21,13.34,60.89,6.06,756.89,280,31.58,3993,3915,34,2,3,1,4.88,4.88,4.88,4.88,4.88,4.88,4.88,4.88,4.88,4.88,4.88,4.87,4.81,4.35,2.88,4.88,-3.52,-3.54,5,3,6,6,6,6,6,6,6,6,6,6,6,6.02,6.16,6.9,8.02,3,3,3,3,3,3,3,3,3,3,3,2.98,2.84,2.1,0.98,0.336
65,1127,1783,307,352,12,1656,1684,9,142,150,28,255,3617,18,18,1611,255,37,0.805,1146624.065,0,16,16,9,10,19,384968407,6,2,25649.842,1762.325,26.98,44.31,1451.91,24.955,49.06,5004,845.44,398867852,6394.67,187,195,37,0,29,831,3581,1656,142,3617,1684,150,831,37,9,28,19,9,10,187,195,1611,1639,6,3581,1656,142,3617,1684,150,831,37,9,28,19,9,10,187,195,1611,1639,6,23324.645,8.75,2,0.675,60000,1,0,10,18000,2,11,1,18,0.45,2,357,161,364,168,70,8,8,8,8,49,56,112,112,6,35,2354.646,245.11,247.62,254.33,233.37,254.33,2672.61,2090.79,581.82,2241.12,431.49,747.88,56,364,56,8,450.07,1,1463.07,1362767,381.54,12.67,251.82,11.94,3694.11,1372,153.77,400806,166551,259,1,1,1,-4.63,-4.63,-4.63,-4.63,-4.63,-4.63,-4.63,-4.63,-4.63,-4.63,-4.63,-4.63,-4.64,-4.68,-5.09,-4.63,-2.86,-2.86,56,21,56,56,56,56,56,56,56,56,56,56,56,56,56.01,56.11,56.99,21,21,21,21,21,21,21,21,21,21,21,21,20.99,20.89,20.01,0,0,0,0,0,0,0,0,0,0,0,0,0,0,0,0,0,0,0,0,0,0,0,0,0,0,0,0,0,0,0,0,0,0,0,0,0,0,0,0,0,0,0,0,0,0,0,0,0,0,0,0,0,0,0,0,0,0,0,0,0,0,0,0,0,0,0,0,0,0,0,0,0,0,0,0,0,0,0,0,0,0,0,0,0,0,0,0,0,0,0,0,0,0,0,0,0,0,0,0,2.7
66,1127,1783,307,352,12,1656,1684,9,142,150,28,255,3617,18,18,1611,255,37,0.805,1146624.065,0,16,16,9,10,19,384968407,6,2,25649.842,1762.325,26.98,44.31,1451.91,24.955,49.06,5004,845.44,398867852,6394.67,187,195,37,0,29,831,3581,1656,142,3617,1684,150,831,37,9,28,19,9,10,187,195,1611,1639,6,3581,1656,142,3617,1684,150,831,37,9,28,19,9,10,187,195,1611,1639,6,23324.645,8.75,2,0.675,60000,1,0,10,18000,2,26,1,18,2.25,2,357,161,364,168,70,8,8,8,8,49,56,112,112,6,35,2354.646,245.11,247.62,254.33,233.37,254.33,2672.61,2090.79,581.82,2241.12,431.49,747.88,56,364,56,8,450.07,1,1463.07,1362767,381.54,12.67,251.82,11.94,3694.11,1372,153.77,400806,166551,259,1,1,1,-4.63,-4.63,-4.63,-4.63,-4.63,-4.63,-4.63,-4.63,-4.63,-4.63,-4.63,-4.63,-4.64,-4.68,-5.09,-4.63,-2.86,-2.86,56,21,56,56,56,56,56,56,56,56,56,56,56,56,56.01,56.11,56.99,21,21,21,21,21,21,21,21,21,21,21,21,20.99,20.89,20.01,0,0,0,0,0,0,0,0,0,0,0,0,0,0,0,0,0,0,0,0,0,0,0,0,0,0,0,0,0,0,0,0,0,0,0,0,0,0,0,0,0,0,0,0,0,0,0,0,0,0,0,0,0,0,0,0,0,0,0,0,0,0,0,0,0,0,0,0,0,0,0,0,0,0,0,0,0,0,0,0,0,0,0,0,0,0,0,0,0,0,0,0,0,0,0,0,0,0,0,0,4.3
67,1127,1783,307,352,12,1656,1684,9,142,150,28,255,3617,18,18,1611,255,37,0.805,1146624.065,0,16,16,9,10,19,384968407,6,2,25649.842,1762.325,26.98,44.31,1451.91,24.955,49.06,5004,845.44,398867852,6394.67,187,195,37,0,29,831,3581,1656,142,3617,1684,150,831,37,9,28,19,9,10,187,195,1611,1639,6,3581,1656,142,3617,1684,150,831,37,9,28,19,9,10,187,195,1611,1639,6,23324.645,8.75,2,0.675,60000,1,0,10,18000,2,91,1,18,2.25,2,210,98,217,105,28,8,8,8,8,49,56,49,49,6,35,1429.542,146.48,151.4,152.87,135.19,152.87,1828.29,1647.72,180.58,1641.78,186.51,323.05,35,217,35,8,349.08,1,703.01,352800,264.5,10.83,176.45,9.85,2236.37,826,89.5,136668,50253,196,1,1,1,1.11,1.11,1.11,1.11,1.11,1.11,1.11,1.11,1.11,1.11,1.11,1.11,1.11,1.11,1.11,1.11,-3.22,-3.58,35,0,35,35,35,35,35,35,35,35,35,35,35,35,35,35,35,0,0,0,0,0,0,0,0,0,0,0,0,0,0,0,0,0,0,0,0,0,0,0,0,0,0,0,0,0,0,0,0,0,0,0,0,0,0,0,0,0,0,0,0,0,0,0,0,0,0,0,0,0,0,0,0,0,0,0,0,0,0,0,0,0,0,0,0,0,0,0,0,0,0,0,0,0,0,0,0,0,0,0,0,0,0,0,0,0,0,0,0,0,0,0,0,0,0,0,0,0,0,0,0,0,0,0,0,0,0,0,0,0,0,0,4.6
68,1127,1783,307,352,12,1656,1684,9,142,150,28,255,3617,18,18,1611,255,37,0.805,1146624.065,0,16,16,9,10,19,384968407,6,2,25649.842,1762.325,26.98,44.31,1451.91,24.955,49.06,5004,845.44,398867852,6394.67,187,195,37,0,29,831,3581,1656,142,3617,1684,150,831,37,9,28,19,9,10,187,195,1611,1639,6,3581,1656,142,3617,1684,150,831,37,9,28,19,9,10,187,195,1611,1639,6,23324.645,8.75,2,0.675,60000,1,0,10,18000,2,54,1,18,0,2,0,0,0,0,0,0,0,0,0,0,0,0,0,0,0,0,0,0,0,0,0,0,0,0,0,0,0,0,0,0,0,0,0,0,0,0,0,0,0,0,0,0,0,0,0,0,0,0,0,0,0,0,0,0,0,0,0,0,0,0,0,0,0,0,0,0,0,0,0,0,0,0,0,0,0,0,0,0,0,0,0,0,0,0,0,0,0,0,0,0,0,0,0,0,0,0,0,0,0,0,0,0,0,0,0,0,0,0,0,0,0,0,0,0,0,0,0,0,0,0,0,0,0,0,0,0,0,0,0,0,0,0,0,0,0,0,0,0,0,0,0,0,0,0,0,0,0,0,0,0,0,0,0,0,0,0,0,0,0,0,0,0,0,0,0,0,0,0,0,0,0,0,0,0,0,0,0,0,0,0,0,0,0,0,0,0,0,0,0,0,0,0,0,0,0,0,0,0,7.3
